iteration,food_quantity,event_poll_ms,ants_advance_ms,evaporation_ms,update_ms,advance_total_ms,render_ms,blit_ms,iteration_total_ms
1,0,0.956381,29.430367,0.259206,0.007331,29.696904,50.178456,16.045572,96.877937
2,0,0.139122,23.417386,0.137195,0.007842,23.562423,22.432892,14.697556,60.832239
3,0,0.022404,22.093683,0.164074,0.006300,22.264057,22.118939,0.888880,45.294765
4,0,0.011129,22.691337,0.103586,0.006800,22.801723,20.852264,1.715883,45.381387
5,0,0.010012,19.149273,0.125161,0.005916,19.280350,22.229706,3.813651,45.334345
6,0,0.017035,23.060745,0.497671,0.030724,23.589140,25.518579,12.077831,61.203399
7,0,0.019061,24.069390,0.119798,0.006156,24.195344,25.072500,11.878490,61.165925
8,0,0.026048,22.908145,0.190249,0.006433,23.104827,24.022220,13.896636,61.050223
9,0,0.030158,22.117074,0.212150,0.008125,22.337349,23.407391,13.844346,59.619856
10,0,0.020571,25.519353,0.157964,0.014401,25.691718,23.369039,10.891278,59.973135
11,0,0.022343,23.402707,0.146276,0.006340,23.555323,25.147424,11.794976,60.520511
12,0,0.020729,25.221917,0.214391,0.006725,25.443033,21.738631,13.907204,61.110124
13,0,0.022265,20.108098,0.103152,0.005743,20.216993,21.925183,2.695277,44.860510
14,0,0.022424,22.162441,0.189837,0.007646,22.359924,23.275037,15.867314,61.525205
15,0,0.022721,20.502653,0.148092,0.006133,20.656878,22.158382,2.709260,45.547865
16,0,0.016446,23.705341,0.191556,0.006083,23.902980,22.146079,15.741027,61.806964
17,0,0.020798,25.440478,0.116038,0.005926,25.562442,20.565926,13.743940,59.893666
18,0,0.028168,21.793867,0.223302,0.007859,22.025028,21.180188,1.728979,44.962680
19,0,0.009153,24.694367,0.224948,0.006887,24.926202,24.327896,11.704845,60.968542
20,0,0.019641,20.460923,0.126789,0.006433,20.594145,21.445469,3.897682,45.957340
21,0,0.015836,21.986995,0.193305,0.006662,22.186962,23.834912,14.687913,60.726049
22,0,0.019998,21.061187,0.185636,0.006435,21.253258,20.654017,2.666925,44.594542
23,0,0.015307,20.736262,0.106551,0.005935,20.848748,21.869324,2.681423,45.415274
24,0,0.010667,23.339379,0.114824,0.006283,23.460486,19.724736,2.756570,45.952887
25,0,0.015634,20.525654,0.190052,0.006283,20.721989,23.099362,1.723971,45.561398
26,0,0.011756,21.543241,0.127638,0.006375,21.677254,21.533212,1.702942,44.925503
27,0,0.012205,19.979417,0.123383,0.006454,20.109254,21.518014,4.765357,46.405395
28,0,0.019360,23.081391,0.207524,0.006013,23.294928,23.319162,12.963920,59.597920
29,0,0.022345,19.300533,0.148935,0.005403,19.454871,22.886432,2.768703,45.133001
30,0,0.017041,21.748933,0.126747,0.006253,21.881933,21.763479,1.680979,45.343867
31,0,0.012342,22.266244,0.064836,0.006451,22.337531,23.667192,15.677521,61.695017
32,0,0.019114,20.213329,0.149336,0.006601,20.369266,22.060629,1.710571,44.160032
33,0,0.013474,21.862809,0.242688,0.006435,22.111932,23.117276,0.592953,45.836105
34,0,0.008649,23.373374,0.184056,0.006747,23.564177,22.525964,16.852439,62.951670
35,0,0.019220,19.617083,0.129505,0.007017,19.753605,21.420805,3.607554,44.801527
36,0,0.015052,21.406892,0.121772,0.006487,21.535151,23.638679,15.760997,60.950291
37,0,0.024594,25.496951,0.183717,0.008218,25.688886,22.739470,11.893468,60.346865
38,0,0.019142,19.147864,0.133555,0.006993,19.288412,25.739121,15.846629,60.893722
39,0,0.021463,20.585134,0.214635,0.032175,20.831944,24.667317,15.754408,61.275518
40,0,0.021136,22.941955,0.091658,0.005852,23.039465,23.066658,13.817435,59.945061
41,0,0.023330,24.546910,0.250341,0.062582,24.859833,22.742589,13.697966,61.324182
42,0,0.019605,20.977869,0.169535,0.006607,21.154011,22.447674,0.803886,44.425611
43,0,0.010487,20.405254,0.110786,0.006396,20.522436,21.344022,3.739668,45.617203
44,0,0.048602,21.097026,0.121723,0.007479,21.226228,22.409274,1.757470,45.441989
45,0,0.012614,23.111279,0.122755,0.006736,23.240770,28.170763,9.982128,61.406926
46,0,0.019253,24.080876,0.206958,0.006514,24.294348,21.931340,13.697475,59.942841
47,0,0.019245,23.029930,0.090714,0.005775,23.126419,22.006024,14.867029,60.019200
48,0,0.019190,19.697953,0.092954,0.006578,19.797485,24.853932,16.914109,61.585214
49,0,0.027610,28.220854,0.375300,0.010771,28.606925,28.904929,2.074115,59.613979
50,0,0.305290,45.206562,0.251850,0.006775,45.465187,35.810046,10.893426,92.474572
51,0,0.025280,33.318650,0.181649,0.040218,33.540517,39.496698,1.772218,74.835138
52,0,0.012670,21.950885,0.203335,0.006765,22.160985,25.454790,14.145747,61.774724
53,0,0.024202,27.379854,0.114942,0.006423,27.501219,21.167165,12.091017,60.784303
54,0,0.447827,30.325331,0.182202,0.006370,30.513903,22.757350,5.962544,59.682208
55,0,0.046991,29.315725,0.211099,0.005925,29.532749,24.414909,7.243440,61.238698
56,0,0.037763,24.474184,0.234034,0.006553,24.714771,28.233295,7.179534,60.165790
57,0,0.194616,22.142970,0.181306,0.006003,22.330279,25.106280,13.801516,61.433394
58,0,0.018508,34.669914,0.165488,0.006308,34.841710,23.040189,1.846899,59.747861
59,0,0.012141,32.982224,0.180865,0.006431,33.169520,25.498800,2.905760,61.586664
60,0,0.041386,25.468374,0.185129,0.005950,25.659453,22.698347,11.759120,60.158978
61,0,0.021649,25.504928,0.117716,0.006877,25.629521,25.198587,9.008565,59.859004
62,0,0.021305,27.212500,0.210134,0.006579,27.429213,23.185534,10.625230,61.261929
63,0,0.022618,22.296936,0.059954,0.006627,22.363517,22.712935,15.101628,60.201769
64,0,0.026312,31.421326,0.156228,0.018889,31.596443,23.258797,5.782534,60.664473
65,0,0.017570,26.201214,0.223486,0.006933,26.431633,22.934978,11.689621,61.074416
66,0,0.024525,32.941199,0.262875,0.010323,33.214397,22.878202,4.713346,60.830848
67,0,0.203675,27.952088,0.147270,0.007681,28.107039,21.895462,10.971163,61.177785
68,0,0.080361,25.867581,0.057262,0.006681,25.931524,26.528774,7.585584,60.126843
69,0,0.031400,24.666928,0.113396,0.006590,24.786914,24.757817,11.465351,61.041935
70,0,0.042638,29.085367,0.128968,0.006638,29.220973,29.359983,1.753462,60.377589
71,0,0.142269,25.426617,0.107293,0.006215,25.540125,27.706310,7.091144,60.480612
72,0,0.028040,25.499406,0.115262,0.006424,25.621092,25.995225,9.724487,61.369333
73,0,0.034358,30.293311,0.203792,0.008087,30.505190,23.807984,6.328193,60.676196
74,0,0.020301,27.675757,0.166643,0.006932,27.849332,22.839507,9.661229,60.370812
75,0,0.018572,23.845920,0.143153,0.005709,23.994782,26.290996,10.884358,61.189228
76,0,0.021567,31.997093,0.320730,0.011748,32.329571,23.503794,3.479439,59.334790
77,0,0.017631,21.347839,0.101796,0.006163,21.455798,22.710280,0.623005,44.807274
78,0,0.012098,22.481355,0.197144,0.006255,22.684754,25.396533,13.442343,61.536318
79,0,0.039724,22.912693,0.133457,0.005889,23.052039,23.975997,13.764602,60.832969
80,0,0.020363,23.249012,0.204550,0.006523,23.460085,23.140559,14.121379,60.742873
81,0,0.020110,24.750177,0.256641,0.008641,25.015459,23.328416,11.865185,60.229575
82,0,0.020401,23.626148,0.091844,0.007296,23.725288,30.272699,7.795284,61.813976
83,0,0.019321,28.787933,0.197070,0.006316,28.991319,22.072896,9.808639,60.892696
84,0,0.018177,20.888904,0.182303,0.006074,21.077281,26.422970,12.684043,60.202976
85,0,0.018256,19.573766,0.060376,0.006382,19.640524,15.650328,10.323919,45.633528
86,0,0.022020,29.836523,0.140713,0.007244,29.984480,15.977019,14.807658,60.791646
87,0,0.029175,26.116708,0.196190,0.006505,26.319403,14.661420,4.632066,45.642598
88,0,0.020044,30.289161,0.164104,0.006465,30.459730,18.794945,11.306012,60.581273
89,0,0.023679,20.009040,0.084092,0.006803,20.099935,15.891989,9.571735,45.587841
90,0,0.017771,18.799787,0.174448,0.006573,18.980808,14.102945,12.702587,45.804723
91,0,0.018868,19.903029,0.120157,0.006578,20.029764,14.220972,10.594060,44.864125
92,0,0.017718,20.617308,0.115330,0.007033,20.739671,14.190338,10.698524,45.646897
93,0,0.019516,27.036838,0.286942,0.007946,27.331726,15.886829,1.988831,45.227249
94,0,0.010016,21.053589,0.196844,0.007605,21.258038,15.640796,7.900508,44.809701
95,0,0.017802,17.008693,0.122393,0.006677,17.137763,19.511528,8.713949,45.381600
96,0,0.018331,18.061964,0.167207,0.006715,18.235886,18.655884,9.143730,46.054222
97,0,0.024296,21.800587,0.119922,0.006449,21.926958,14.765295,8.094036,44.811098
98,0,0.018289,22.872117,0.068687,0.006693,22.947497,18.149624,4.604634,45.720761
99,0,0.019220,23.107750,0.188071,0.005935,23.301756,18.807775,3.606957,45.736072
100,0,0.014791,30.142596,0.224132,0.007940,30.374668,16.772467,14.781979,61.944329
101,0,0.019808,29.739709,0.227963,0.006417,29.974089,18.044978,12.100749,60.140092
102,0,0.020081,22.474626,0.260929,0.007004,22.742559,21.694272,0.629328,45.086629
103,0,0.011633,27.482644,0.257189,0.008140,27.747973,22.133581,11.725301,61.618903
104,0,0.018166,20.938904,0.146144,0.006637,21.091685,19.296648,4.109578,44.516556
105,0,0.020615,28.644731,0.134751,0.006061,28.785543,21.721464,10.445606,60.973789
106,0,0.020897,23.966006,0.060332,0.006539,24.032877,22.081408,15.218841,61.354487
107,0,0.025907,22.756316,0.184795,0.006453,22.947564,14.135202,7.593313,44.702868
108,0,0.025817,23.721940,0.169925,0.006239,23.898104,17.968555,3.658027,45.551276
109,0,0.013273,26.473960,0.196524,0.007195,26.677679,15.634352,3.577993,45.903920
110,0,0.021356,26.578266,0.166473,0.006545,26.751284,15.404492,3.041669,45.219196
111,0,0.014592,27.550671,0.187290,0.006957,27.744918,14.035446,3.551516,45.346771
112,0,0.020322,22.798764,0.160979,0.006431,22.966174,14.589993,8.594221,46.171130
113,0,0.018388,20.922488,0.187594,0.007961,21.118043,25.123587,13.830597,60.090898
114,0,0.019220,25.956610,0.201365,0.009651,26.167626,19.717167,14.777956,60.682515
115,0,0.019084,27.693689,0.195548,0.006484,27.895721,15.261805,0.971332,44.148468
116,0,0.008110,24.291774,0.229354,0.007617,24.528745,14.630004,6.687433,45.854682
117,0,0.018452,22.738744,0.174968,0.006483,22.920195,15.857524,6.775825,45.572480
118,0,0.017040,26.921543,0.159479,0.005896,27.086918,18.481090,16.051306,61.636820
119,0,0.025240,26.634870,1.034609,0.010838,27.680317,13.968955,3.577849,45.252804
120,0,0.012237,24.772315,0.256692,0.007309,25.036316,15.812760,4.911163,45.772827
121,0,0.018302,24.619879,0.192820,0.006372,24.819071,16.718853,3.824253,45.381076
122,0,0.021739,26.708944,0.187783,0.006841,26.903568,20.523735,13.647245,61.096728
123,0,0.021542,22.288191,0.096191,0.006197,22.390579,14.628920,8.808841,45.850269
124,0,0.023077,24.928635,0.175378,0.007996,25.112009,15.175297,4.418406,44.729100
125,0,0.018247,22.904155,0.122273,0.006828,23.033256,19.106975,3.978517,46.137526
126,0,0.019714,28.720474,0.148226,0.006412,28.875112,16.164824,15.517872,60.577904
127,0,0.018800,20.537038,0.154408,0.006295,20.697741,14.566655,9.819168,45.102889
128,0,0.015152,18.074063,0.154610,0.005992,18.234665,15.033281,12.864542,46.148066
129,0,0.020262,20.905799,0.129721,0.005761,21.041281,14.378442,9.670111,45.110666
130,0,0.022094,22.255810,0.113333,0.006979,22.376122,13.849194,9.610056,45.858057
131,0,0.016522,18.618088,0.158962,0.006484,18.783534,18.027020,8.007439,44.834886
132,0,0.016186,18.384430,0.116394,0.006769,18.507593,16.270826,11.579038,46.374144
133,0,0.018744,20.890299,0.127574,0.009083,21.026956,19.118118,3.629040,43.793122
134,0,0.019105,25.105077,0.157952,0.006401,25.269430,14.425082,6.038275,45.752379
135,0,0.013101,17.403922,0.058907,0.006552,17.469381,14.203442,14.563198,46.249620
136,0,0.020480,21.442766,0.113410,0.006623,21.562799,14.631611,8.936009,45.151605
137,0,0.021110,21.616126,0.065611,0.006679,21.688416,19.343868,3.881545,44.935432
138,0,0.015760,19.068450,0.096674,0.006305,19.171429,16.609155,9.934493,45.731157
139,0,0.019885,18.309266,0.131926,0.006204,18.447396,19.488206,8.002573,45.958508
140,0,0.017093,19.663093,0.112394,0.006217,19.781704,14.857922,11.596790,46.253943
141,0,0.018485,22.740870,0.142182,0.005891,22.888943,13.992553,8.635206,45.535574
142,0,0.017356,19.956524,0.089395,0.006250,20.052169,16.568722,8.503211,45.141872
143,0,0.015001,19.874925,0.122994,0.006532,20.004451,14.756180,10.579608,45.355676
144,0,0.019888,22.025725,0.118362,0.006585,22.150672,15.839412,7.646816,45.657337
145,0,0.015559,21.359975,0.093806,0.008001,21.461782,16.063686,8.601160,46.142692
146,0,0.017503,24.072320,0.148746,0.006599,24.227665,15.248540,5.577921,45.072087
147,0,0.020826,18.679176,0.097518,0.005949,18.782643,18.190338,8.631429,45.625712
148,0,0.016405,17.810228,0.116638,0.006563,17.933429,16.447357,10.843246,45.240858
149,0,0.018565,20.525604,0.262473,0.007733,20.795810,14.773841,9.665461,45.254037
150,0,0.018711,17.859875,0.114635,0.007002,17.981512,18.176336,9.627763,45.804859
151,0,0.015873,19.951283,0.094294,0.006239,20.051816,14.569273,10.984134,45.621632
152,0,0.021022,18.690126,0.053434,0.006788,18.750348,20.018437,5.937588,44.727850
153,0,0.010952,17.857397,0.120270,0.006512,17.984179,14.518671,13.806237,46.320520
154,0,0.017538,18.602043,0.090146,0.006623,18.698812,14.779404,10.483809,43.980055
155,0,0.021105,22.298074,0.258894,0.007866,22.564834,14.849507,7.535436,44.971369
156,0,0.019537,18.766093,0.109050,0.006888,18.882031,14.315191,12.304618,45.521979
157,0,0.023417,18.711241,0.155479,0.006279,18.872999,15.490224,10.556305,44.943498
158,0,0.020956,17.404345,0.113744,0.006415,17.524504,15.243884,12.889156,45.679100
159,0,0.019093,21.399212,0.172667,0.006047,21.577926,16.684101,6.559917,44.841590
160,0,0.016283,16.084946,0.153509,0.007065,16.245520,17.548062,12.502352,46.312797
161,0,0.017610,20.651410,0.128440,0.006391,20.786241,13.958134,10.549794,45.312298
162,0,0.020765,19.178227,0.125295,0.006796,19.310318,13.919020,11.929954,45.180366
163,0,0.020902,19.628289,0.231272,0.006211,19.865772,14.704942,10.588873,45.181126
164,0,0.023928,18.774223,0.080882,0.006010,18.861115,22.347690,3.542974,44.776043
165,0,0.013565,21.894917,0.152514,0.006028,22.053459,15.638255,7.899680,45.605434
166,0,0.013321,18.264352,0.151817,0.012842,18.429011,17.247887,9.597587,45.288177
167,0,0.015021,20.996121,0.222709,0.007349,21.226179,14.816309,9.492714,45.550640
168,0,0.017535,20.376135,0.110236,0.007504,20.493875,14.217154,10.572208,45.301240
169,0,0.021827,21.183825,0.217742,0.006502,21.408069,14.781099,8.563028,44.774506
170,0,0.022125,18.538369,0.136070,0.007075,18.681514,14.744456,12.609226,46.057752
171,0,0.017958,21.627126,0.112345,0.006595,21.746066,15.074359,7.940530,44.779285
172,0,0.014328,17.196709,0.103774,0.006771,17.307254,14.740655,13.829770,45.892518
173,0,0.017681,18.115294,0.106016,0.005956,18.227266,15.893665,10.810643,44.949763
174,0,0.020373,21.222394,0.064643,0.006569,21.293606,20.319598,1.745056,43.379458
175,0,0.010417,17.068812,0.161893,0.006529,17.237234,14.519548,14.565441,46.333149
176,0,0.018059,23.988854,0.203099,0.006472,24.198425,15.810648,5.058901,45.086516
177,0,0.016769,21.303538,0.149647,0.007222,21.460407,17.732061,5.578611,44.788076
178,0,0.019850,27.017900,0.243116,0.007228,27.268244,18.336539,15.626335,61.251568
179,0,0.020738,20.188987,0.117829,0.006986,20.313802,15.004874,8.794010,44.134042
180,0,0.021294,22.528130,0.102471,0.006354,22.636955,16.784507,6.553963,45.997155
181,0,0.020379,23.946453,0.171175,0.036382,24.154010,15.245666,6.654891,46.075385
182,0,0.017393,16.996412,0.112575,0.006883,17.115870,15.108621,13.001764,45.244035
183,0,0.017609,20.939611,0.124200,0.006799,21.070610,14.458522,9.493391,45.040598
184,0,0.017185,21.414886,0.245192,0.007172,21.667250,14.666063,8.633336,44.984186
185,0,0.013058,24.319061,0.426882,0.007671,24.753614,15.434882,4.583330,44.785313
186,0,0.016230,22.490706,0.262283,0.007490,22.760479,16.958743,6.525668,46.261613
187,0,0.013439,21.851079,0.181664,0.006725,22.039468,15.075911,7.541957,44.671275
188,0,0.017820,22.353504,0.258889,0.006535,22.618928,15.504008,7.624331,45.765555
189,0,0.018292,14.821135,0.111950,0.006312,14.939397,16.676426,13.594442,45.229009
190,0,0.019797,24.963657,0.193169,0.006271,25.163097,20.510785,14.540777,60.234929
191,0,0.019917,15.380605,0.113147,0.006359,15.500111,14.059935,15.570886,45.151450
192,0,0.022050,23.159429,0.117781,0.015648,23.292858,15.534197,6.191194,45.040701
193,0,0.017877,29.378850,0.207988,0.007154,29.593992,14.987463,16.613532,61.213385
194,0,0.023972,16.548213,0.114322,0.006043,16.668578,15.551696,11.660342,43.905002
195,0,0.022541,20.686001,0.119825,0.006574,20.812400,17.051948,6.746389,44.633599
196,0,0.033598,17.377944,0.125319,0.007354,17.510617,17.232189,10.599254,45.376192
197,0,0.017855,19.950579,0.241035,0.005789,20.197403,18.469551,6.807179,45.492531
198,0,0.021975,20.850472,0.160209,0.006078,21.016759,17.147103,7.082996,45.269257
199,0,0.022894,24.840602,0.089528,0.005943,24.936073,18.381028,1.140528,44.481072
200,0,0.009165,28.615545,0.201540,0.008533,28.825618,16.563464,0.719130,46.117736
201,0,0.009682,23.871913,0.197904,0.007065,24.076882,17.778932,4.152835,46.018778
202,0,0.017120,21.360910,0.055166,0.006231,21.422307,19.285605,3.949427,44.674871
203,0,0.020890,19.279781,0.059897,0.006592,19.346270,16.193678,10.591256,46.152675
204,0,0.022517,19.370975,0.114229,0.006338,19.491542,18.320404,6.592636,44.427780
205,0,0.021554,18.494547,0.118693,0.006765,18.620005,15.173034,11.744648,45.559841
206,0,0.020545,20.334696,0.155946,0.006762,20.497404,15.385394,9.458001,45.361741
207,0,0.019872,19.400474,0.122954,0.006842,19.530270,14.794311,10.620871,44.965679
208,0,0.018968,22.679038,0.103738,0.006381,22.789157,15.713524,6.868560,45.390794
209,0,0.014554,22.274810,0.101519,0.005656,22.381985,15.920058,6.620052,44.937234
210,0,0.019660,16.794148,0.110075,0.006625,16.910848,14.806638,14.638192,46.375801
211,0,0.023067,19.041628,0.159865,0.006822,19.208315,14.980145,10.637030,44.849183
212,0,0.021476,18.447276,0.115604,0.006640,18.569520,14.928714,11.680170,45.200508
213,0,0.024325,19.219616,0.102803,0.008086,19.330505,16.224997,9.759790,45.340163
214,0,0.025061,18.990598,0.053963,0.006473,19.051034,15.612774,10.061734,44.751097
215,0,0.020249,17.462081,0.113886,0.006623,17.582590,19.740874,6.677693,44.022087
216,0,0.014884,19.441168,0.111141,0.005948,19.558257,16.238194,9.592790,45.404435
217,0,0.017136,21.065433,0.157966,0.005895,21.229294,19.380472,4.538283,45.165632
218,0,0.013066,17.029267,0.103565,0.006215,17.139047,15.374910,13.532822,46.060479
219,0,0.017361,21.687125,0.169557,0.006556,21.863238,14.821423,7.559204,44.261849
220,0,0.038980,17.967885,0.134505,0.006138,18.108528,15.686872,11.570616,45.405518
221,0,0.018807,21.075824,0.070525,0.006488,21.152837,15.464244,9.527136,46.163456
222,0,0.019935,21.742919,0.276654,0.006752,22.026325,24.658298,14.644968,61.349982
223,0,0.020092,21.243578,0.230329,0.008809,21.482716,17.169506,5.677014,44.349660
224,0,0.019398,26.774147,0.173917,0.006677,26.954741,15.692450,2.553207,45.220481
225,0,0.024181,20.527797,0.109158,0.006710,20.643665,15.541432,9.512366,45.722121
226,0,0.013472,18.589574,0.267980,0.005676,18.863230,18.202588,7.895526,44.975252
227,0,0.010093,19.805754,0.152133,0.008895,19.966782,15.480494,9.587156,45.045012
228,0,0.014374,20.535089,0.252798,0.014520,20.802407,18.044458,6.527486,45.389189
229,0,0.015129,20.014455,0.094107,0.005867,20.114429,16.984221,8.569476,45.683683
230,0,0.015165,20.284857,0.163437,0.007050,20.455344,15.519712,8.820162,44.810817
231,0,0.019722,21.245173,0.182488,0.007488,21.435149,22.539320,0.493906,44.488409
232,0,0.007380,18.777123,0.161768,0.006469,18.945360,17.463432,9.552770,45.969390
233,0,0.019434,20.574935,0.063733,0.006238,20.644906,22.651860,1.542211,44.859147
234,0,0.015782,25.844300,0.164882,0.006560,26.015742,16.560034,2.575632,45.167556
235,0,0.010176,18.629942,0.103929,0.006082,18.739953,20.232879,5.611081,44.594772
236,0,0.014779,17.249757,0.164934,0.006797,17.421488,17.053662,11.706666,46.196990
237,0,0.018682,15.892560,0.113018,0.006305,16.011883,23.257490,5.100000,44.388592
238,0,0.015103,16.664818,0.054732,0.006726,16.726276,15.667733,13.710448,46.120137
239,0,0.018958,17.811855,0.118459,0.006557,17.936871,15.567150,11.766104,45.289588
240,0,0.025764,22.016932,0.192607,0.006996,22.216535,19.931424,1.941264,44.115407
241,0,0.008821,15.823424,0.122145,0.007966,15.953535,16.131834,13.596127,45.690754
242,0,0.021004,20.102339,0.112133,0.006412,20.220884,15.393461,10.579264,46.215068
243,0,0.020947,25.132397,0.292525,0.008134,25.433056,21.648717,13.556513,60.659590
244,0,0.019875,16.457366,0.128809,0.025469,16.611644,20.710113,7.299201,44.641204
245,0,0.019570,27.204575,0.259985,0.006370,27.470930,16.346642,1.542781,45.380401
246,0,0.012446,27.061223,0.253487,0.018282,27.332992,15.357693,2.703510,45.407047
247,0,0.018261,20.765420,0.181656,0.005857,20.952933,29.048264,10.541224,60.560919
248,0,0.017440,21.970952,0.234683,0.040106,22.245741,19.575848,2.596061,44.435644
249,0,0.010897,18.050896,0.061690,0.006008,18.118594,29.069618,13.665628,60.865450
250,0,0.024388,26.517110,0.071779,0.006856,26.595745,18.715833,15.581337,60.917848
251,0,0.024487,23.445272,0.184050,0.006341,23.635663,17.221169,3.620535,44.502411
252,0,0.021041,25.207141,0.169708,0.006727,25.383576,20.394227,14.757944,60.557237
253,0,0.018852,19.931491,0.163385,0.006940,20.101816,19.717610,4.750615,44.589319
254,0,0.015682,20.667115,0.168406,0.006667,20.842188,17.009684,7.808358,45.676362
255,0,0.019416,16.299374,0.113251,0.007065,16.419690,16.767640,11.633882,44.841170
256,0,0.019205,18.274223,0.114666,0.006420,18.395309,16.574624,9.608210,44.597688
257,0,0.018538,17.235599,0.146755,0.006493,17.388847,17.748618,10.649241,45.805788
258,0,0.018224,19.809341,0.095237,0.006330,19.910908,17.103392,8.061833,45.094931
259,0,0.025465,24.942101,0.193695,0.006203,25.141999,16.845718,2.726030,44.739814
260,0,0.017021,27.351353,0.258419,0.006445,27.616217,18.842712,14.593964,61.070525
261,0,0.018331,19.080525,0.122574,0.006547,19.209646,21.479015,4.747816,45.455376
262,0,0.014330,24.306103,0.096249,0.006389,24.408741,22.452182,14.564436,61.440108
263,0,0.019821,20.095813,0.208625,0.009911,20.314349,21.252091,2.587747,44.174297
264,0,0.012583,19.222206,0.094235,0.006432,19.322873,15.661696,10.547442,45.545021
265,0,0.018151,18.695083,0.166113,0.006620,18.867816,20.205129,6.537224,45.628756
266,0,0.016341,18.734565,0.148965,0.010599,18.894129,16.217235,9.628349,44.756334
267,0,0.017825,19.348535,0.167513,0.006406,19.522454,18.521060,7.631012,45.692809
268,0,0.013181,22.211342,0.105408,0.006637,22.323387,16.852746,5.986167,45.175964
269,0,0.014969,23.743840,0.183946,0.006700,23.934486,23.639420,12.564424,60.153566
270,0,0.017136,17.299106,0.143689,0.006339,17.449134,20.042041,7.957294,45.466158
271,0,0.016452,23.485807,0.095913,0.006410,23.588130,22.731123,14.673130,61.009353
272,0,0.020495,17.190375,0.116740,0.006484,17.313599,19.838939,7.603707,44.777251
273,0,0.010053,19.143763,0.188260,0.006281,19.338304,18.720056,6.936056,45.005097
274,0,0.016916,18.891448,0.057680,0.006635,18.955763,22.466854,2.656835,44.096915
275,0,0.015237,22.530782,0.289107,0.005821,22.825710,27.197019,10.704490,60.742925
276,0,0.022639,27.425697,0.090355,0.006231,27.522283,19.144437,13.564723,60.254605
277,0,0.019837,26.818760,0.172785,0.006599,26.998144,23.832409,9.768920,60.619656
278,0,0.020480,21.101230,0.153165,0.007530,21.261925,29.602579,8.570858,59.456204
279,0,0.018892,16.769184,0.120318,0.006877,16.896379,17.225806,12.653714,46.795316
280,0,0.018818,17.822867,0.114033,0.007582,17.944482,17.046612,10.624676,45.635105
281,0,0.018934,21.491873,0.121564,0.006882,21.620319,17.032181,5.874457,44.546459
282,0,0.017758,21.444288,0.173076,0.006039,21.623403,18.700145,4.924556,45.266415
283,0,0.014080,22.563783,0.159123,0.007384,22.730290,17.232930,4.725275,44.703058
284,0,0.018164,23.965767,0.111129,0.007167,24.084063,17.403024,3.665905,45.171868
285,0,0.017350,23.674717,0.334453,0.006693,24.015863,21.373012,15.578750,60.985384
286,0,0.020999,18.499825,0.056987,0.006408,18.563220,18.247463,8.742207,45.574434
287,0,0.019092,19.991766,0.120053,0.007272,20.119091,19.876744,4.806711,44.822079
288,0,0.021380,19.402546,0.175915,0.006465,19.584926,17.779940,8.230564,45.617561
289,0,0.022851,21.837404,0.057718,0.006505,21.901627,18.700238,3.766129,44.391305
290,0,0.016221,22.958376,0.170847,0.006965,23.136188,19.745675,2.667711,45.566161
291,0,0.016526,20.773022,0.094853,0.005701,20.873576,22.489774,1.938635,45.318986
292,0,0.013849,21.165898,0.085046,0.006349,21.257293,18.839396,5.598874,45.710025
293,0,0.020216,31.699341,0.185307,0.006650,31.891298,18.395972,8.632724,58.940753
294,0,0.026071,25.513288,0.173583,0.007067,25.693938,22.564356,12.681131,60.965931
295,0,0.025567,24.266123,0.179256,0.006332,24.451711,18.359632,1.715105,44.552666
296,0,0.016382,25.010035,0.158239,0.010270,25.178544,18.102665,1.885453,45.183566
297,0,0.019920,27.919969,0.115219,0.006585,28.041773,19.580784,12.957767,60.600719
298,0,0.022080,25.865465,0.215177,0.006621,26.087263,18.569431,15.656120,60.335371
299,0,0.021182,25.558695,0.219887,0.007839,25.786421,18.591948,1.125258,45.525155
300,0,0.007951,27.958402,0.194779,0.006861,28.160042,18.486922,14.593023,61.248623
301,0,0.021642,16.960865,0.111254,0.006925,17.079044,20.174227,7.995329,45.270831
302,0,0.026493,23.285569,0.188879,0.006581,23.481029,22.387692,14.527327,60.423117
303,0,0.020804,23.665277,0.211445,0.006181,23.882903,18.394989,2.651258,44.950454
304,0,0.011223,23.010511,0.105383,0.006806,23.122700,25.365418,11.758447,60.258258
305,0,0.016940,20.526169,0.106083,0.006405,20.638657,24.867740,15.542336,61.066255
306,0,0.026270,19.974291,0.160521,0.005990,20.140802,17.489467,6.730823,44.387940
307,0,0.023636,23.695403,0.178222,0.006176,23.879801,18.630206,2.400580,44.934730
308,0,0.013318,22.382730,0.119804,0.008609,22.511143,23.148039,15.690473,61.363292
309,0,0.021144,20.806827,0.089405,0.006239,20.902471,18.049773,5.616855,44.590674
310,0,0.016564,19.485689,0.131485,0.006036,19.623210,18.472604,7.573431,45.686358
311,0,0.027740,22.615350,0.123387,0.006633,22.745370,17.959931,2.567725,43.301196
312,0,0.013368,16.403981,0.055442,0.012063,16.471486,17.923228,11.767183,46.175635
313,0,0.016347,16.541505,0.060950,0.006423,16.608878,18.670942,9.714877,45.011409
314,0,0.017878,16.432286,0.054853,0.006640,16.493779,20.184364,8.483467,45.179905
315,0,0.014100,19.093793,0.060765,0.006337,19.160895,18.841080,6.772869,44.789525
316,0,0.019911,18.763456,0.088818,0.006400,18.858674,20.955576,5.616152,45.450693
317,0,0.021360,19.463132,0.119686,0.006472,19.589290,18.802265,6.773674,45.187186
318,0,0.023675,15.872816,0.120485,0.007643,16.000944,19.900911,10.627464,46.553487
319,0,0.017330,17.320133,0.055334,0.006630,17.382097,18.968066,8.686785,45.054713
320,0,0.020966,17.600655,0.113778,0.007059,17.721492,18.172126,9.627583,45.542766
321,0,0.017403,16.410170,0.054788,0.006681,16.471639,20.676074,8.739926,45.905405
322,0,0.017743,15.439149,0.063211,0.006519,15.508879,19.491343,10.767737,45.786577
323,0,0.018269,18.916284,0.062978,0.006417,18.985679,19.109057,8.624527,46.737999
324,0,0.019400,15.783669,0.057190,0.006491,15.847350,17.657381,12.590059,46.114646
325,0,0.019337,16.978106,0.118383,0.006658,17.103147,17.908847,10.573388,45.605335
326,0,0.022647,19.023662,0.059847,0.006663,19.090172,19.143835,7.798241,46.055440
327,0,0.011370,15.807202,0.054440,0.006980,15.868622,18.516050,11.737552,46.134014
328,0,0.016930,17.133487,0.062874,0.006973,17.203334,18.566171,10.376640,46.163457
329,0,0.014069,15.478452,0.058935,0.006474,15.543861,18.765136,11.868315,46.191802
330,0,0.016346,17.653166,0.057250,0.006835,17.717251,18.987225,9.625321,46.346597
331,0,0.018918,18.047914,0.063621,0.006397,18.117932,18.914914,9.607456,46.659681
332,0,0.016378,17.133969,0.095610,0.006392,17.235971,19.600890,7.569174,44.422844
333,0,0.018814,17.735344,0.087866,0.006338,17.829548,19.414389,9.602773,46.866055
334,0,0.015461,17.981380,0.062397,0.006702,18.050479,19.303811,8.748396,46.118671
335,0,0.017351,18.658062,0.082432,0.006932,18.747426,19.400654,7.763372,45.929375
336,0,0.013707,17.734105,0.058232,0.006883,17.799220,19.821271,8.009622,45.644318
337,0,0.015865,17.532092,0.112370,0.007594,17.652056,18.425865,10.093484,46.187669
338,0,0.015775,20.878290,0.181581,0.006812,21.066683,18.627557,7.568415,47.278869
339,0,0.014554,18.005908,0.066310,0.006257,18.078475,20.191690,7.602549,45.887749
340,0,0.018810,18.113951,0.126109,0.007037,18.247097,18.520151,9.609952,46.396446
341,0,0.010923,18.259885,0.110768,0.005833,18.376486,20.124598,7.596249,46.108503
342,0,0.013772,18.095307,0.059127,0.006550,18.160984,18.281187,9.913054,46.369384
343,0,0.013154,18.969053,0.066239,0.006184,19.041476,18.272849,8.613449,45.941434
344,0,0.017164,17.236482,0.057309,0.006801,17.300592,20.056391,8.590141,45.964801
345,0,0.018888,17.684472,0.064666,0.006336,17.755474,18.938267,9.605066,46.318156
346,0,0.019717,19.083679,0.083449,0.006784,19.173912,19.481865,7.691697,46.367642
347,0,0.014433,18.266090,0.074927,0.006527,18.347544,19.547071,8.614000,46.523500
348,0,0.013183,18.045650,0.061671,0.006599,18.113920,19.105335,8.609438,45.842277
349,0,0.014908,18.220903,0.066064,0.006079,18.293046,18.145474,9.564801,46.018714
350,0,0.014779,18.984892,0.062948,0.006601,19.054441,19.641236,7.019048,45.729977
351,0,0.021404,19.732576,0.111690,0.005841,19.850107,20.323584,6.022773,46.218357
352,0,0.021566,19.367242,0.086961,0.006377,19.460580,19.538449,7.628541,46.649475
353,0,0.013952,18.268226,0.075598,0.006660,18.350484,19.031240,7.643012,45.039215
354,0,0.015802,18.925403,0.072241,0.006214,19.003858,21.197832,6.099019,46.317102
355,0,0.014865,17.383448,0.060748,0.006437,17.450633,20.423272,7.753902,45.643296
356,0,0.017760,17.648813,0.098103,0.006254,17.753170,20.430185,8.575441,46.777100
357,0,0.021646,17.925990,0.097336,0.006314,18.029640,21.159670,6.768738,45.980041
358,0,0.018247,18.619076,0.079389,0.006475,18.704940,19.385999,7.759505,45.869369
359,0,0.031780,18.515183,0.059377,0.006738,18.581298,19.746274,8.779175,47.138953
360,0,0.018095,17.003229,0.059808,0.006480,17.069517,19.859382,9.253808,46.201324
361,0,0.021718,19.078864,0.068622,0.006507,19.153993,19.436244,7.826917,46.439318
362,0,0.019515,17.351218,0.063620,0.007082,17.421920,24.093930,3.799459,45.335603
363,0,0.012945,25.125236,0.081803,0.006805,25.213844,19.662635,1.672335,46.562178
364,0,0.010818,18.311640,0.068430,0.006790,18.386860,19.005625,8.721789,46.125676
365,0,0.019659,16.272468,0.054648,0.006189,16.333305,20.154452,9.637528,46.145484
366,0,0.021042,16.825561,0.058416,0.006667,16.890644,20.753308,8.662215,46.327732
367,0,0.017373,19.077413,0.062187,0.006518,19.146118,20.319670,6.770404,46.253917
368,0,0.017604,18.137052,0.072210,0.006508,18.215770,21.741269,5.542113,45.517378
369,0,0.012909,17.820448,0.057937,0.006596,17.884981,19.749586,8.655718,46.303779
370,0,0.019553,15.904498,0.146097,0.006386,16.056981,20.806219,9.538441,46.421713
371,0,0.020968,15.266081,0.059785,0.006539,15.332405,19.013111,11.539793,45.906831
372,0,0.019954,16.265878,0.060123,0.006717,16.332718,19.301680,10.840608,46.495444
373,0,0.022253,17.760013,0.108658,0.006262,17.874933,19.207362,8.575290,45.680385
374,0,0.017190,16.675952,0.086857,0.006646,16.769455,21.833524,6.761264,45.381831
375,0,0.019280,16.291906,0.064173,0.006617,16.362696,20.543045,8.738236,45.663767
376,0,0.023076,25.634024,0.110374,0.006483,25.750881,19.767224,0.473367,46.014981
377,0,0.007300,17.996427,0.106132,0.006492,18.109051,20.511131,7.611102,46.238861
378,0,0.014479,16.906401,0.070060,0.006658,16.983119,21.608034,7.559525,46.165514
379,0,0.016879,17.666751,0.072848,0.006271,17.745870,19.855095,9.086460,46.704693
380,0,0.013874,20.318700,0.067234,0.006502,20.392436,24.625339,1.597900,46.629946
381,0,0.009923,18.176425,0.110567,0.006091,18.293083,23.001826,4.609007,45.914064
382,0,0.011494,20.172408,0.074949,0.006302,20.253659,19.989423,6.053639,46.308586
383,0,0.015065,18.512247,0.070696,0.006605,18.589548,19.591586,8.596888,46.793549
384,0,0.014950,17.466718,0.056611,0.006818,17.530147,20.182747,8.530523,46.258768
385,0,0.030409,19.774376,0.102742,0.006061,19.883179,20.877930,4.570200,45.362137
386,0,0.016447,17.119536,0.064761,0.006535,17.190832,20.765467,8.749724,46.723000
387,0,0.011710,18.094399,0.066388,0.006773,18.167560,21.295233,6.571044,46.045921
388,0,0.010614,21.730984,0.472795,0.009574,22.213353,20.899294,2.545336,45.668872
389,0,0.011855,16.919077,0.072401,0.006676,16.998154,19.580005,9.563403,46.153885
390,0,0.015002,17.863302,0.060519,0.006626,17.930447,23.078464,5.029379,46.053687
391,0,0.012129,19.667362,0.081276,0.006482,19.755120,19.940590,6.959909,46.668259
392,0,0.011697,17.724108,0.072903,0.006765,17.803776,20.191428,7.644754,45.652003
393,0,0.012571,17.028213,0.166337,0.008038,17.202588,20.209965,9.595364,47.020989
394,0,0.019062,17.896053,0.060782,0.006555,17.963390,20.411963,6.632984,45.027904
395,0,0.019441,19.363230,0.059123,0.006642,19.428995,21.804163,4.025025,45.278143
396,0,0.013337,15.237817,0.056336,0.006849,15.301002,20.236508,10.685168,46.236519
397,0,0.022537,17.699098,0.056567,0.006505,17.762170,21.527140,6.629846,45.942234
398,0,0.013798,16.411581,0.080084,0.006701,16.498366,21.200752,8.661807,46.375157
399,0,0.020076,15.252975,0.058755,0.006461,15.318191,22.090649,8.761785,46.191199
400,0,0.021194,17.658412,0.066312,0.006886,17.731610,21.142027,7.902201,46.797646
401,0,0.012719,17.140486,0.073499,0.006627,17.220612,21.287944,8.559297,47.081116
402,0,0.014957,16.951182,0.054977,0.006458,17.012617,20.647109,7.558516,45.233698
403,0,0.013172,18.743341,0.064794,0.006622,18.814757,22.463440,5.703708,46.995422
404,0,0.019855,17.492472,0.054829,0.006221,17.553522,21.591052,6.599833,45.764692
405,0,0.015156,16.767184,0.058870,0.006749,16.832803,21.552577,7.559101,45.960022
406,0,0.016904,15.879866,0.068147,0.007076,15.955089,21.963411,8.697392,46.633131
407,0,0.018962,17.077568,0.124744,0.007339,17.209651,21.035446,7.624893,45.889443
408,0,0.018492,18.334819,0.068188,0.006928,18.409935,22.967336,4.805272,46.201447
409,0,0.022441,18.419898,0.060270,0.006514,18.486682,21.638703,6.081349,46.229797
410,0,0.022625,18.256798,0.056810,0.006724,18.320332,21.819902,5.610453,45.773911
411,0,0.013967,18.285399,0.057805,0.006578,18.349782,22.034033,5.662772,46.061021
412,0,0.014790,20.002625,0.150296,0.006534,20.159455,22.091748,3.585516,45.851937
413,0,0.010002,15.807135,0.234862,0.039116,16.081113,25.815417,4.879861,46.786623
414,0,0.014417,15.078425,0.057584,0.006489,15.142498,22.062249,8.598095,45.817676
415,0,0.013871,17.581645,0.570632,0.006204,18.158481,21.066433,5.555929,44.795409
416,0,0.016446,17.505800,0.055319,0.006990,17.568109,25.874305,3.130066,46.589386
417,0,0.016065,19.868287,0.060419,0.006333,19.935039,23.137193,2.890520,45.979249
418,0,0.014024,16.317675,0.055816,0.006792,16.380283,22.888317,6.697759,45.980843
419,0,0.011064,14.579052,0.058155,0.006371,14.643578,21.971064,10.084470,46.710633
420,0,0.017658,16.606402,0.055230,0.006549,16.668181,26.683267,2.639914,46.009555
421,0,0.019090,27.794267,0.145036,0.006289,27.945592,23.753121,11.172622,62.890947
422,0,0.015922,20.277029,0.117293,0.006893,20.401215,23.299197,1.934611,45.651215
423,0,0.016205,21.772008,0.195954,0.006402,21.974364,24.038797,15.694210,61.724068
424,0,0.021349,16.230176,0.059105,0.007221,16.296502,22.420583,7.710551,46.449393
425,0,0.014018,18.355581,0.061264,0.006618,18.423463,22.580136,4.598010,45.616154
426,0,0.020702,15.723604,0.115245,0.006529,15.845378,23.866349,5.973757,45.706698
427,0,0.014893,17.561473,0.062500,0.006331,17.630304,23.611902,5.043537,46.301116
428,0,0.015641,15.692993,0.057091,0.006801,15.756885,22.880940,7.923827,46.577802
429,0,0.015765,19.591813,0.154471,0.006368,19.752652,21.968424,4.029008,45.766363
430,0,0.018390,18.619021,0.062120,0.006585,18.687726,21.675208,5.652736,46.034590
431,0,0.021430,17.906190,0.058786,0.006522,17.971498,21.666268,6.723189,46.382837
432,0,0.019348,18.077605,0.098718,0.005590,18.181913,24.397879,3.622047,46.221466
433,0,0.012016,20.299293,0.058773,0.006650,20.364716,22.760446,2.608109,45.745679
434,0,0.013112,17.822103,0.059446,0.006728,17.888277,23.666975,4.685351,46.254123
435,0,0.013407,19.942001,0.066712,0.006746,20.015459,23.437476,1.571406,45.038130
436,0,0.008132,16.367427,0.056295,0.006336,16.430058,23.178933,6.623450,46.241089
437,0,0.020509,16.078851,0.182449,0.006468,16.267768,24.591083,5.998367,46.878302
438,0,0.023884,19.532609,0.104935,0.006246,19.643790,24.729653,1.030953,45.428854
439,0,0.007934,17.900470,0.080578,0.006202,17.987250,24.053402,3.962404,46.011491
440,0,0.012017,17.736642,0.055754,0.006557,17.798953,23.025100,5.723888,46.560265
441,0,0.010963,16.149024,0.065478,0.006528,16.221030,22.934482,6.909314,46.076378
442,0,0.015451,17.767486,0.072233,0.006596,17.846315,23.451332,5.669210,46.982748
443,0,0.015834,17.313147,0.058791,0.006517,17.378455,23.535493,5.544896,46.475337
444,0,0.017983,18.871484,0.113854,0.006886,18.992224,23.705796,3.014037,45.730512
445,0,0.018236,17.568576,0.142107,0.006259,17.716942,23.313744,4.906025,45.955468
446,0,0.023067,17.048252,0.057750,0.006688,17.112690,25.917599,3.602041,46.656003
447,0,0.019084,22.263208,0.186280,0.012354,22.461842,32.841088,5.958483,61.280875
448,0,0.019984,18.224849,0.057256,0.006444,18.288549,24.050627,3.670722,46.030351
449,0,0.012280,17.731720,0.062792,0.006754,17.801266,24.148442,4.781546,46.744062
450,0,0.017292,17.233701,0.060224,0.006565,17.300490,25.386160,2.721036,45.425567
451,0,0.016148,18.290689,0.067632,0.006470,18.364791,24.758146,3.416078,46.555647
452,0,0.010818,22.287174,0.274547,0.007401,22.569122,28.981285,10.073868,61.635539
453,0,0.024480,22.250106,0.181068,0.035154,22.466328,32.522858,6.610005,61.624152
454,0,0.020637,20.350976,0.203125,0.006799,20.560900,26.220164,15.046166,61.848417
455,0,0.023969,20.213203,0.066375,0.006533,20.286111,27.377595,12.599562,60.287830
456,0,0.022240,19.325699,0.064686,0.006628,19.397013,24.421558,1.252150,45.093438
457,0,0.014482,20.112264,0.139515,0.007203,20.258982,25.322679,0.709324,46.306078
458,0,0.008419,20.263306,0.072497,0.006561,20.342364,25.505067,0.932487,46.788791
459,0,0.009205,19.765976,0.059189,0.006486,19.831651,25.734016,16.000809,61.576208
460,0,0.020103,20.742215,0.206132,0.006681,20.955028,24.924951,16.163159,62.063789
461,0,0.026275,21.415104,0.095743,0.005591,21.516438,27.586009,12.783712,61.913099
462,0,0.028096,19.314647,0.080537,0.006053,19.401237,25.846683,16.751749,62.028241
463,0,0.019523,19.168237,0.117467,0.005762,19.291466,26.698052,15.294073,61.303790
464,0,0.019861,19.950101,0.120217,0.006462,20.076780,24.897862,16.372385,61.367322
465,0,0.026176,19.053319,0.057978,0.006698,19.117995,25.654414,1.149559,45.948919
466,0,0.009908,18.218411,0.067016,0.006641,18.292068,25.328907,1.937896,45.569296
467,0,0.008828,18.848210,0.133478,0.006339,18.988027,24.835467,2.748157,46.580937
468,0,0.015687,18.276262,0.187042,0.007057,18.470361,28.060263,15.182271,61.729051
469,0,0.019999,19.531434,0.069798,0.006395,19.607627,25.944999,15.892282,61.465812
470,0,0.031914,25.318608,0.116786,0.006511,25.441905,28.756585,6.867137,61.098053
471,0,0.027552,19.060180,0.147264,0.006466,19.213910,26.954700,15.714318,61.911033
472,0,0.024109,25.338347,0.138210,0.006614,25.483171,25.798720,8.775728,60.082249
473,0,0.023938,22.242055,0.062746,0.006547,22.311348,27.283238,12.866252,62.485458
474,0,0.035974,23.013615,0.331503,0.010428,23.355546,28.448894,8.731835,60.572525
475,0,0.024122,28.888917,0.212803,0.007952,29.109672,28.856428,4.213171,62.203892
476,0,0.028120,29.538733,0.160031,0.006469,29.705233,28.098551,3.674845,61.507293
477,0,0.021140,26.156059,0.215427,0.005927,26.377413,28.775527,6.684068,61.858652
478,0,0.024927,28.574177,0.233795,0.006566,28.814538,28.197386,4.901014,61.938348
479,0,0.020376,23.314334,0.138060,0.006331,23.458725,29.097503,8.686147,61.263167
480,0,0.020475,23.216688,0.159958,0.006484,23.383130,29.728714,8.383015,61.515949
481,0,0.032492,20.848228,0.112935,0.007929,20.969092,29.997669,11.055201,62.054889
482,0,0.021280,21.614298,0.089020,0.006621,21.709939,26.294165,13.106843,61.132669
483,0,0.022441,19.092934,0.129840,0.007541,19.230315,26.549358,15.652823,61.455470
484,0,0.021202,18.801742,0.074005,0.007240,18.882987,28.535554,15.021157,62.461306
485,0,0.021546,19.792715,0.079386,0.006707,19.878808,28.076054,15.031506,63.008642
486,0,0.019677,22.203799,0.133427,0.006582,22.343808,27.651138,13.380978,63.396072
487,0,0.026530,18.863362,0.097361,0.006362,18.967085,34.089598,10.046581,63.130426
488,0,0.022302,36.285651,0.242855,0.006696,36.535202,29.398770,11.988383,77.945191
489,0,0.020713,18.447462,0.124294,0.006786,18.578542,31.439166,12.801729,62.840666
490,0,0.023650,21.884651,0.216963,0.007653,22.109267,28.843044,11.943204,62.919560
491,0,0.022336,27.371332,0.146907,0.006180,27.524419,36.263875,14.870156,78.681243
492,0,0.023575,22.185950,0.085189,0.007327,22.278466,33.301798,8.303148,63.907439
493,0,0.031068,32.268285,0.212488,0.006444,32.487217,44.166076,2.690320,79.375107
494,0,0.017105,19.076114,0.100299,0.006473,19.182886,30.813807,12.963404,62.977802
495,0,0.021766,25.263103,0.110528,0.006393,25.380024,30.796998,6.961735,63.161024
496,0,0.020771,31.357702,0.227678,0.006657,31.592037,48.232508,15.157957,95.003806
497,0,0.025823,36.076800,0.222614,0.008499,36.307913,39.421437,3.456021,79.211816
498,0,0.021200,34.437271,0.206448,0.008983,34.652702,33.971220,9.728539,78.374184
499,0,0.023327,32.346649,0.253960,0.006717,32.607326,32.177707,14.478315,79.287180
500,0,0.021188,37.485869,0.265731,0.006502,37.758102,43.501686,13.088410,94.370128
501,0,0.025607,24.607340,0.188305,0.007497,24.803142,34.330343,2.802457,61.962067
502,0,0.013896,21.996764,0.112973,0.007113,22.116850,32.593821,8.298494,63.023658
503,0,0.028514,36.317254,0.273799,0.007971,36.599024,36.172140,6.043275,78.843386
504,0,0.025313,28.445383,0.234472,0.005831,28.685686,35.555502,14.946133,79.213413
505,0,0.024470,32.863396,0.287064,0.007445,33.157905,34.817342,12.026015,80.026529
506,0,0.032784,29.069907,0.338233,0.009775,29.417915,49.857086,15.969082,95.277676
507,0,0.057776,31.062131,0.163588,0.006330,31.232049,35.964595,10.961459,78.216649
508,0,0.026916,25.970302,0.182658,0.006977,26.159937,30.488939,6.777363,63.453847
509,0,0.021211,25.173311,0.170274,0.006519,25.350104,31.312847,5.869437,62.554175
510,0,0.022067,28.039501,0.153729,0.005910,28.199140,30.625662,5.058179,63.905631
511,0,0.028419,29.099251,0.150065,0.006238,29.255554,33.535341,15.736713,78.556548
512,0,0.021595,30.066440,0.192181,0.006858,30.265479,30.780011,1.931424,62.999109
513,0,0.012206,19.628791,0.120428,0.006865,19.756084,30.343238,13.301944,63.414074
514,0,0.020636,33.166828,0.362210,0.007609,33.536647,38.016464,5.904571,77.478882
515,0,0.024906,33.284963,0.249160,0.009782,33.543905,43.615768,2.343664,79.528640
516,0,0.014865,23.755050,0.150229,0.006734,23.912013,34.618020,4.148652,62.694099
517,0,0.026974,24.775346,0.224302,0.006390,25.006038,36.438907,1.404635,62.877189
518,0,0.014825,29.502653,0.197972,0.005990,29.706615,33.560770,16.620688,79.903405
519,0,0.045517,37.471360,0.226005,0.010858,37.708223,34.266445,7.773615,79.794271
520,0,0.019953,25.450788,0.165269,0.006083,25.622140,34.534606,2.840563,63.017717
521,0,0.018738,25.463262,0.267722,0.006459,25.737443,43.981880,8.908712,78.647225
522,0,0.031785,22.396316,0.187399,0.007048,22.590763,29.635034,11.196754,63.454941
523,0,0.020681,25.184532,0.124845,0.008889,25.318266,30.572914,6.710977,62.623474
524,0,0.035414,28.248523,0.190772,0.006974,28.446269,31.689264,2.772080,62.943516
525,0,0.019071,24.353142,0.227399,0.006660,24.587201,33.833063,5.035690,63.475401
526,0,0.016178,20.808411,0.244358,0.007131,21.059900,29.702234,12.740164,63.518906
527,0,0.024105,22.237191,0.203322,0.007074,22.447587,35.012388,5.791639,63.276290
528,0,0.017262,24.017614,0.247737,0.008134,24.273485,37.126431,0.945291,62.363006
529,0,0.008872,26.837570,0.213992,0.006629,27.058191,33.217860,2.082638,62.368109
530,0,0.018004,25.752632,0.161877,0.008219,25.922728,31.932704,4.996040,62.869949
531,0,0.025285,24.493423,0.242727,0.006486,24.742636,33.533693,5.179365,63.481570
532,0,0.026602,24.898845,0.188518,0.006858,25.094221,32.567536,5.250580,62.939528
533,0,0.023460,28.506447,0.237793,0.026742,28.770982,34.706345,15.799497,79.300769
534,0,0.034679,25.386134,0.277314,0.009552,25.673000,35.227629,3.220246,64.156085
535,0,0.015399,29.769730,0.146950,0.006583,29.923263,38.181950,10.739909,78.861183
536,0,0.028680,28.237629,0.159954,0.006930,28.404513,34.824220,15.376071,78.634188
537,0,0.032297,35.005431,0.157418,0.007783,35.170632,34.344724,9.005426,78.553689
538,0,0.029248,24.142208,0.207051,0.006954,24.356213,39.350427,15.843198,79.579636
539,0,0.022359,23.317024,0.135143,0.009257,23.461424,31.886194,7.992220,63.362803
540,0,0.029881,28.019565,0.153750,0.007571,28.180886,31.276604,2.926626,62.414702
541,0,0.017514,23.292866,0.256588,0.006801,23.556255,32.270446,7.836927,63.681717
542,0,0.024152,26.932934,0.176485,0.009917,27.119336,31.300669,4.822738,63.267315
543,0,0.020709,22.150274,0.126998,0.006867,22.284139,35.601630,3.878350,61.785454
544,0,0.024239,28.531184,0.271854,0.040091,28.843129,32.204651,1.844654,62.917340
545,0,0.014339,18.568234,0.134551,0.006997,18.709782,32.328463,12.177793,63.231123
546,0,0.024695,30.392603,0.206772,0.007819,30.607194,31.862978,16.409992,78.905560
547,0,0.036693,24.517835,0.148198,0.009341,24.675374,37.916903,16.047040,78.676562
548,0,0.031038,40.437531,0.268712,0.047115,40.753358,47.411555,7.750453,95.946982
549,0,0.083026,24.216329,0.306781,0.009492,24.532602,37.988482,15.857852,78.462546
550,0,0.024406,28.224532,0.129703,0.006666,28.360901,38.368730,12.394188,79.148717
551,0,0.023010,27.773575,0.213758,0.006666,27.993999,37.517757,13.328936,78.864761
552,0,0.027875,22.647610,0.065072,0.007142,22.719824,34.613451,5.760980,63.123194
553,0,0.021971,25.611537,0.130527,0.007013,25.749077,34.177567,3.011180,62.960243
554,0,0.013925,21.728437,0.146019,0.007386,21.881842,33.482804,8.052474,63.431528
555,0,0.020998,22.458656,0.114923,0.006336,22.579915,34.470195,6.217497,63.289229
556,0,0.041356,34.366065,0.226987,0.006809,34.599861,34.080266,9.789902,78.511819
557,0,0.022999,22.199283,0.148681,0.006625,22.354589,32.301472,7.999252,62.678858
558,0,0.031331,36.369089,0.339701,0.009361,36.718151,34.993785,6.854218,78.598103
559,0,0.020540,30.161396,0.213569,0.007318,30.382283,33.807557,14.761227,78.972250
560,0,0.022541,25.535785,0.223219,0.010345,25.769349,36.314396,0.952889,63.059675
561,0,0.015985,28.516485,0.202205,0.007957,28.726647,37.615095,13.841056,80.199353
562,0,0.035598,19.284466,0.227092,0.006001,19.517559,34.702531,8.262204,62.518469
563,0,0.020456,25.340379,0.196050,0.007137,25.543566,37.131190,1.089409,63.785140
564,0,0.012523,26.842798,0.258314,0.006897,27.108009,34.085742,1.669754,62.876497
565,0,0.033734,25.564659,0.195124,0.006593,25.766376,33.558198,4.017845,63.376468
566,0,0.016356,21.258240,0.134550,0.007065,21.399855,37.959277,3.319500,62.695596
567,0,0.012902,24.710262,0.114783,0.006591,24.831636,43.080331,11.729645,79.654976
568,0,0.025516,26.099174,0.205999,0.019550,26.324723,39.603860,13.094643,79.049212
569,0,0.030707,30.913301,0.246997,0.010011,31.170309,38.969496,7.783120,77.954206
570,0,0.023125,24.181076,0.195266,0.007602,24.383944,34.961690,4.392284,63.761518
571,0,0.020863,23.369932,0.125113,0.006997,23.502042,35.088018,3.029780,61.641309
572,0,0.019441,29.602489,0.216059,0.006833,29.825381,36.147408,13.349718,79.342524
573,0,0.021960,28.420895,0.253188,0.007031,28.681114,38.094539,12.235283,79.033433
574,0,0.026970,32.685541,0.345612,0.007050,33.038203,38.415917,7.191374,78.673017
575,0,0.023582,24.015388,0.220041,0.007039,24.242468,41.721039,13.407290,79.394950
576,0,0.025990,31.800587,0.272787,0.006847,32.080221,36.268794,10.778863,79.154366
577,0,0.029430,35.638305,0.364576,0.007885,36.010766,34.069187,8.730744,78.840732
578,0,0.022143,27.195936,0.275259,0.010508,27.481703,38.866940,12.713913,79.085222
579,0,0.027004,20.556736,0.216074,0.006792,20.779602,41.076495,0.977042,62.860807
580,0,0.010678,26.618955,0.208111,0.007065,26.834131,37.316798,15.121203,79.283368
581,0,0.022042,18.340795,0.118314,0.006443,18.465552,35.433234,9.736650,63.657957
582,0,0.020081,22.073559,0.275988,0.008048,22.357595,37.394554,2.693496,62.466153
583,0,0.013178,26.166215,0.242161,0.008188,26.416564,38.680562,13.894076,79.004987
584,0,0.032612,35.398376,0.163171,0.007506,35.569053,36.874147,5.546473,78.031904
585,0,0.024601,27.078013,0.221249,0.007723,27.306985,36.705809,15.054052,79.091902
586,0,0.020739,28.654329,0.218355,0.006957,28.879641,40.192513,9.942011,79.035373
587,0,0.026040,26.425440,0.158890,0.007588,26.591918,36.265596,16.037977,78.921979
588,0,0.035624,25.733261,0.236374,0.079978,26.049613,41.509086,12.201540,79.796288
589,0,0.026673,27.639319,0.229731,0.006833,27.875883,35.833932,14.883831,78.620942
590,0,0.020264,29.557180,0.195226,0.006760,29.759166,36.464853,12.736613,78.981344
591,0,0.020527,20.826742,0.185011,0.036123,21.047876,39.745397,1.817533,62.631711
592,0,0.009950,23.042408,0.138339,0.006911,23.187658,34.717391,5.730992,63.646514
593,0,0.019241,24.362396,0.235755,0.006309,24.604460,38.702420,15.709131,79.035675
594,0,0.021961,27.961557,0.179310,0.007189,28.148056,34.991081,15.917504,79.079040
595,0,0.022323,22.300143,0.269099,0.006286,22.575528,35.411504,5.259272,63.269269
596,0,0.022143,23.683644,0.285036,0.006096,23.974776,35.398671,1.391754,60.787923
597,0,0.008029,26.807246,0.192971,0.006268,27.006485,36.023057,10.996630,74.034673
598,0,0.021305,22.750512,0.241099,0.007372,22.998983,32.903894,15.800962,71.725636
599,0,0.019190,16.868056,0.134615,0.006005,17.008676,33.810039,6.757335,57.595916
600,0,0.022582,21.945816,0.246056,0.006389,22.198261,36.601687,14.946032,73.769081
601,0,0.020149,27.714926,0.270650,0.008095,27.993671,39.268148,5.331768,72.614069
602,0,0.020313,20.884875,0.195093,0.009615,21.089583,35.618497,1.806343,58.535270
603,0,0.012051,22.908871,0.148819,0.005666,23.063356,38.019063,13.723032,74.818033
604,0,0.020720,20.744487,0.127769,0.006478,20.878734,37.251823,14.699907,72.851550
605,0,0.021186,25.866570,0.196470,0.008451,26.071491,32.768597,14.208229,73.069978
606,0,0.021045,24.029933,0.099969,0.006248,24.136150,34.539388,13.829329,72.526403
607,0,0.024172,28.586600,0.215872,0.007396,28.809868,33.807694,10.109267,72.751846
608,0,0.025456,21.912256,0.244034,0.022564,22.178854,36.044086,15.089998,73.338909
609,0,0.033940,22.786572,0.160613,0.005970,22.953155,37.147887,12.092864,72.228263
610,0,0.019621,25.944958,0.265365,0.007257,26.217580,34.695614,12.831130,73.764371
611,0,0.020388,29.110893,0.190674,0.006372,29.307939,35.078840,6.749366,71.157034
612,0,0.022241,23.769196,0.211106,0.005371,23.985673,36.520030,13.092330,73.620859
613,0,0.023200,24.835116,0.218302,0.006419,25.059837,34.371460,13.641359,73.096498
614,0,0.044150,21.192248,0.181898,0.005938,21.380084,38.739810,14.167079,74.331460
615,0,0.020082,24.853492,0.117986,0.006123,24.977601,34.374169,13.057825,72.430977
616,0,0.023350,28.990069,0.299789,0.033232,29.323090,38.963700,3.981403,72.291882
617,0,0.018322,21.331832,0.149682,0.005947,21.487461,36.120796,16.539164,74.166271
618,0,0.023789,22.936516,0.215492,0.007002,23.159010,38.522594,11.094717,72.800651
619,0,0.022008,20.225194,0.201321,0.005628,20.432143,35.450518,1.034875,56.939964
620,0,0.010049,23.409225,0.202811,0.006254,23.618290,38.896059,11.889698,74.414652
621,0,0.029716,25.274082,0.189357,0.006014,25.469453,38.229722,8.186813,71.916156
622,0,0.025549,22.256499,0.306871,0.005911,22.569281,36.525074,14.766582,73.887051
623,0,0.020549,23.095492,0.208953,0.008629,23.313074,41.010092,7.018219,71.362369
624,0,0.042177,21.620461,0.167263,0.006103,21.793827,36.187528,15.885062,73.909080
625,0,0.020541,22.457531,0.181160,0.005869,22.644560,36.292205,14.015534,72.973257
626,0,0.022819,24.546136,0.220145,0.006986,24.773267,38.442998,8.813126,72.052692
627,0,0.017455,20.469994,0.094206,0.006282,20.570482,39.504010,14.824753,74.917262
628,0,0.022205,29.784377,0.187023,0.006401,29.977801,38.261485,3.114166,71.376166
629,0,0.018522,33.227308,0.385059,0.008842,33.621209,39.820878,15.682457,89.143437
630,0,0.020442,31.474838,0.289305,0.009232,31.773375,46.560382,8.291543,86.646134
631,0,0.033079,27.426407,0.163621,0.005705,27.595733,38.716100,6.309460,72.654899
632,0,0.023735,30.736669,0.153324,0.005934,30.895927,38.567915,4.038555,73.526773
633,0,0.018516,28.358839,0.189644,0.006480,28.554963,47.283190,11.917362,87.774549
634,0,0.030850,21.011663,0.092254,0.005780,21.109697,43.820673,7.896478,72.858240
635,0,0.026902,30.052323,0.289485,0.009165,30.350973,45.295068,11.041662,86.715061
636,0,0.023015,23.231328,0.236208,0.008611,23.476147,44.460744,4.383795,72.344576
637,0,0.028637,21.367033,0.171492,0.006715,21.545240,48.112000,2.947391,72.634133
638,0,0.025001,23.146309,0.240587,0.006184,23.393080,47.947146,2.230784,73.596509
639,0,0.057724,20.561713,0.230372,0.007924,20.800009,48.640918,3.845634,73.344888
640,0,0.018567,24.189371,0.195240,0.007917,24.392528,45.046516,4.057846,73.515874
641,0,0.026732,22.188057,0.215258,0.010749,22.414064,51.890658,13.737907,88.069857
642,0,0.018861,20.975806,0.238335,0.010844,21.224985,43.397220,8.315649,72.957077
643,0,0.021850,22.098392,0.209973,0.006899,22.315264,52.452302,12.812084,87.602053
644,0,0.020949,20.731382,0.224249,0.006651,20.962282,46.409860,4.530089,71.923871
645,0,0.021366,24.614529,0.229863,0.006372,24.850764,43.628166,4.984400,73.485321
646,0,0.020589,19.249012,0.182729,0.005912,19.437653,44.468099,9.640044,73.566949
647,0,0.022878,21.972728,0.240229,0.042493,22.255450,49.671067,15.079635,87.029439
648,0,0.027887,21.875226,0.222769,0.006205,22.104200,48.373987,0.644748,71.151295
649,0,0.008335,18.354162,0.297835,0.005902,18.657899,43.511844,11.756541,73.935218
650,0,0.019099,20.084194,0.134842,0.006130,20.225166,38.956061,14.836581,74.037450
651,0,0.021404,28.584699,0.237265,0.007189,28.829153,46.369582,12.767975,87.988520
652,0,0.019148,22.552774,0.170903,0.006003,22.729680,49.208833,16.351475,88.309825
653,0,0.028668,24.036050,0.220784,0.006054,24.262888,53.910435,7.886305,86.088959
654,0,0.019728,21.010301,0.128541,0.006680,21.145522,49.668201,1.908991,72.742889
655,0,0.011264,21.893153,0.193701,0.005940,22.092794,52.020765,14.770064,88.895328
656,0,0.020141,18.497019,0.168829,0.006314,18.672162,46.811921,6.594913,72.099487
657,0,0.020996,21.480624,0.175385,0.006280,21.662289,45.110931,6.676331,73.470811
658,0,0.018241,20.484272,0.147788,0.008212,20.640272,47.014139,3.936604,71.609797
659,0,0.014885,19.969295,0.175124,0.006049,20.150468,53.536487,14.632256,88.334484
660,0,0.018827,20.923116,0.139829,0.007311,21.070256,51.461296,14.804315,87.355148
661,0,0.025511,21.926908,0.223589,0.006289,22.156786,46.889108,3.616264,72.688143
662,0,0.026242,19.311596,0.190309,0.006653,19.508558,48.406135,5.902594,73.844007
663,0,0.030301,19.389163,0.142845,0.005302,19.537310,51.431610,1.866751,72.866638
664,0,0.015207,19.777469,0.245917,0.006102,20.029488,51.655714,0.844523,72.545454
665,0,0.008402,22.897760,0.318868,0.005898,23.222526,52.486464,12.686833,88.404848
666,0,0.020954,24.906032,0.228754,0.008598,25.143384,46.109842,0.864220,72.138802
667,0,0.008949,21.985262,0.210564,0.008058,22.203884,49.610529,0.858770,72.682670
668,0,0.009541,21.483589,0.226183,0.006100,21.715872,43.446127,8.996068,74.168109
669,0,0.019191,17.648453,0.096595,0.005803,17.750851,52.585981,1.632826,71.989241
670,0,0.016379,19.650653,0.173993,0.006395,19.831041,47.553423,4.973949,72.375341
671,0,0.026926,19.905092,0.169085,0.005635,20.079812,43.147047,10.018672,73.273162
672,0,0.031785,21.614207,0.266419,0.037206,21.917832,52.151357,13.993512,88.094849
673,0,0.021612,26.334862,0.109900,0.006085,26.450847,49.960655,10.701335,87.134795
674,0,0.020555,19.589299,0.111137,0.006448,19.706884,55.075440,14.728431,89.531930
675,0,0.023729,21.168066,0.176823,0.006229,21.351118,55.253123,10.701865,87.330575
676,0,0.024816,23.786227,0.181251,0.006284,23.973762,56.246311,6.866979,87.112322
677,0,0.027065,19.074667,0.121007,0.006397,19.202071,43.523185,9.802453,72.555393
678,0,0.016849,22.915647,0.281225,0.008228,23.205100,48.786795,1.140381,73.149491
679,0,0.008770,20.216559,0.190416,0.005766,20.412741,41.765023,11.705512,73.892699
680,0,0.018558,19.434053,0.119125,0.006445,19.559623,47.007362,5.713785,72.299918
681,0,0.024822,19.517012,0.188671,0.006316,19.711999,50.813734,1.735176,72.286279
682,0,0.009065,20.720564,0.213437,0.009079,20.943080,47.712316,3.871850,72.536843
683,0,0.027984,22.865685,0.227631,0.006287,23.099603,70.794044,8.747163,102.669524
684,0,0.024128,21.954385,0.116392,0.015106,22.085883,48.207107,1.800490,72.118100
685,0,0.019342,22.226975,0.090021,0.005475,22.322471,50.399883,1.080739,73.823534
686,0,0.009322,22.752935,0.215447,0.006540,22.974922,46.887260,3.000380,72.872458
687,0,0.028361,20.585881,0.236833,0.006414,20.829128,46.491470,6.118458,73.467837
688,0,0.016997,21.557232,0.113194,0.007158,21.677584,48.473834,1.971482,72.140362
689,0,0.013958,20.913446,0.171058,0.006032,21.090536,50.171233,1.888657,73.164843
690,0,0.015777,18.531109,0.126364,0.006166,18.663639,52.617280,5.080738,76.377745
691,0,0.021883,24.005753,0.202537,0.007210,24.215500,68.300740,15.592050,108.130551
692,0,0.019331,19.916227,0.295771,0.005719,20.217717,59.720268,11.989961,91.947820
693,0,0.065641,22.392981,0.214738,0.005769,22.613488,54.677444,14.423529,91.780523
694,0,0.021365,23.541076,0.251308,0.009311,23.801695,57.727082,9.991853,91.542565
695,0,0.028002,21.901111,0.124943,0.006430,22.032484,47.083335,7.903754,77.048172
696,0,0.018827,17.507633,0.114338,0.006945,17.628916,46.984196,11.962676,76.595157
697,0,0.018106,17.083313,0.224559,0.006994,17.314866,50.233470,10.751344,78.318230
698,0,0.019302,23.085973,0.063096,0.006429,23.155498,46.086041,7.671400,76.932797
699,0,0.025118,24.865954,0.167105,0.006503,25.039562,49.683901,1.710739,76.459693
700,0,0.017172,17.313810,0.161118,0.007651,17.482579,52.024868,7.726718,77.251973
701,0,0.017944,18.119766,0.127163,0.006608,18.253537,53.814517,4.741258,76.827864
702,0,0.014818,17.577159,0.118806,0.006551,17.702516,56.027517,2.778350,76.523758
703,0,0.012559,18.527166,0.071471,0.006047,18.604684,51.238314,7.724046,77.580279
704,0,0.021577,16.725658,0.134656,0.007219,16.867533,49.067510,10.841796,76.798986
705,0,0.019164,17.737563,0.119899,0.006514,17.863976,51.021045,6.721176,75.625955
706,0,0.019907,22.611283,0.197208,0.006938,22.815429,48.034104,5.860347,76.730284
707,0,0.016470,22.449338,0.103321,0.006276,22.558935,49.791314,4.745235,77.112647
708,0,0.016253,19.200266,0.134782,0.006506,19.341554,54.756801,1.780290,75.895339
709,0,0.010789,18.140342,0.162469,0.006308,18.309119,51.603668,8.987575,78.911457
710,0,0.020901,18.746629,0.117739,0.006738,18.871106,50.629040,6.680011,76.201520
711,0,0.036768,16.677933,0.115608,0.006406,16.799947,54.289150,5.899349,77.025645
712,0,0.019239,17.317359,0.197339,0.006092,17.520790,55.708567,3.840551,77.089644
713,0,0.016333,21.081807,0.192481,0.014407,21.288695,49.458101,5.819169,76.582721
714,0,0.019139,22.116096,0.091889,0.006225,22.214210,55.571461,14.877692,92.682982
715,0,0.023795,19.691509,0.113690,0.006829,19.812028,50.326101,5.961748,76.124297
716,0,0.016375,17.704172,0.119704,0.007056,17.830932,49.209074,10.526960,77.583787
717,0,0.021756,17.549707,0.123840,0.006795,17.680342,48.825790,9.717709,76.246115
718,0,0.022531,21.545484,0.213032,0.034853,21.793369,58.679895,10.752877,91.249038
719,0,0.021239,21.467685,0.187688,0.006144,21.661517,59.925902,10.809338,92.418340
720,0,0.018199,19.554774,0.166124,0.006591,19.727489,52.437873,5.109775,77.293925
721,0,0.016495,18.975404,0.216078,0.006254,19.197736,47.864462,10.825679,77.904837
722,0,0.018524,19.654447,0.123827,0.007382,19.785656,56.078392,15.913681,91.796637
723,0,0.021802,19.953440,0.213545,0.006275,20.173260,56.054522,15.850282,92.100410
724,0,0.021126,22.082656,0.299831,0.005789,22.388276,56.563805,13.792123,92.765804
725,0,0.018469,20.362500,0.197214,0.006575,20.566289,55.651926,15.787722,92.025005
726,0,0.024403,22.598864,0.108627,0.006174,22.713665,47.896839,5.689672,76.325012
727,0,0.015064,20.912278,0.167608,0.006154,21.086040,52.050119,3.986846,77.138575
728,0,0.017159,18.194106,0.134698,0.007169,18.335973,53.181991,4.762133,76.297796
729,0,0.013211,19.604070,0.112677,0.006423,19.723170,52.523808,3.981758,76.242448
730,0,0.018213,20.853344,0.144639,0.008940,21.006923,60.761942,10.785467,92.572919
731,0,0.016958,18.372803,0.125342,0.006386,18.504531,48.045590,9.832980,76.400510
732,0,0.026968,22.615776,0.160286,0.006335,22.782397,52.793494,0.732736,76.336234
733,0,0.020791,23.264324,0.122063,0.006384,23.392771,58.365327,12.769392,94.548708
734,0,0.020763,20.971755,0.163599,0.006564,21.141918,57.981757,12.869747,92.014672
735,0,0.022134,26.114503,0.293031,0.010871,26.418405,75.872563,4.959801,107.273193
736,0,0.024707,28.218665,0.197656,0.006170,28.422491,57.426399,5.835206,91.709366
737,0,0.020403,21.188815,0.233574,0.008659,21.431048,69.024666,1.755051,92.231531
738,0,0.014371,19.155183,0.118141,0.006561,19.279885,59.707694,13.857632,92.859981
739,0,0.018649,24.759998,0.104657,0.006337,24.870992,67.451037,15.042633,107.383988
740,0,0.020219,31.472362,0.201812,0.007248,31.681422,46.686935,12.877448,91.266498
741,0,0.024853,19.302340,0.146759,0.006754,19.455853,65.620678,6.841187,91.942994
742,0,0.018865,22.204499,0.149882,0.008062,22.362443,55.901917,14.815334,93.099019
743,0,0.019335,21.470202,0.168611,0.006391,21.645204,59.766717,11.880825,93.312715
744,0,0.025843,19.371064,0.059568,0.006696,19.437328,55.206088,1.569176,76.238832
745,0,0.012754,19.917399,0.136163,0.006208,20.059770,54.460140,1.823139,76.356235
746,0,0.013414,19.467803,0.118064,0.007080,19.592947,52.364851,4.982861,76.954519
747,0,0.018322,18.454477,0.135306,0.006096,18.595879,52.933839,5.940918,77.489626
748,0,0.025807,20.842431,0.102088,0.006551,20.951070,62.829145,7.895722,91.702231
749,0,0.023691,18.660110,0.208427,0.006793,18.875330,56.172532,1.686945,76.758945
750,0,0.010746,16.965140,0.072976,0.021505,17.059621,52.032799,7.889146,76.992712
751,0,0.018751,18.221931,0.123407,0.007117,18.352455,46.562239,10.773936,75.707804
752,0,0.022512,20.782811,0.190713,0.006801,20.980325,59.031137,12.230888,92.265399
753,0,0.027935,19.949966,0.186434,0.006497,20.142897,46.456038,10.678652,77.306012
754,0,0.020238,22.928721,0.214924,0.006650,23.150295,54.516903,14.779751,92.467649
755,0,0.030362,19.707864,0.190790,0.006821,19.905475,59.789590,12.863383,92.589094
756,0,0.020921,20.336254,0.127704,0.016580,20.480538,62.714218,8.877498,92.093654
757,0,0.024195,24.798109,0.122163,0.006309,24.926581,62.086680,5.797063,92.835009
758,0,0.025708,23.295661,0.157711,0.006790,23.460162,70.836611,13.179277,107.502287
759,0,0.023159,29.952986,0.237893,0.037075,30.227954,61.242286,15.893460,107.387251
760,0,0.022847,20.169849,0.164659,0.006123,20.340631,58.866213,12.877096,92.107211
761,0,0.018655,16.032981,0.136732,0.006601,16.176314,53.386170,7.788080,77.369806
762,0,0.022610,18.169941,0.120179,0.005998,18.296118,55.352710,1.993665,75.665538
763,0,0.012213,24.171681,0.212550,0.007204,24.391435,61.213786,5.861562,91.479439
764,0,0.019853,16.119769,0.119988,0.026902,16.266659,57.031780,3.770297,77.089017
765,0,0.026843,18.255166,0.118564,0.006491,18.380221,57.874007,1.594641,77.876446
766,0,0.010226,18.147340,0.140213,0.007023,18.294576,51.297265,7.792922,77.395568
767,0,0.018635,18.347708,0.184666,0.025547,18.557921,62.235258,10.807971,91.620201
768,0,0.022735,16.693324,0.146923,0.006549,16.846796,59.164034,0.783732,76.817720
769,0,0.008862,16.976144,0.071874,0.010019,17.058037,59.328764,15.998334,92.394376
770,0,0.019707,17.905770,0.152597,0.006243,18.064610,57.592770,0.636449,76.314093
771,0,0.007846,18.205644,0.125437,0.006962,18.338043,63.729102,10.863413,92.939060
772,0,0.019654,17.061030,0.106106,0.007239,17.174375,57.108687,2.790102,77.093182
773,0,0.017826,18.690894,0.097247,0.008916,18.797057,58.757231,13.927813,91.500312
774,0,0.025955,18.612181,0.162655,0.008457,18.783293,53.589648,3.780617,76.179959
775,0,0.015935,20.787406,0.206584,0.008780,21.002770,60.379500,10.968622,92.367370
776,0,0.021563,17.110691,0.122628,0.007400,17.240719,59.369232,15.781830,92.413782
777,0,0.033237,19.980098,0.215030,0.006135,20.201263,57.691523,15.724437,93.651050
778,0,0.019615,20.262517,0.176590,0.027421,20.466528,61.260057,9.959742,91.706302
779,0,0.023491,19.951945,0.142556,0.065527,20.160028,59.815588,11.847348,91.846922
780,0,0.017454,17.966414,0.128259,0.029472,18.124145,60.231194,14.759875,93.133121
781,0,0.024379,18.551219,0.121716,0.006703,18.679638,61.382205,11.671667,91.758462
782,0,0.020087,18.207308,0.066948,0.007059,18.281315,52.318518,5.653660,76.274163
783,0,0.025131,19.369223,0.160673,0.006318,19.536214,55.144933,1.855060,76.561730
784,0,0.037863,21.967971,0.129046,0.007748,22.104765,58.254270,11.827755,92.225110
785,0,0.023154,18.295816,0.098219,0.006281,18.400316,55.373079,1.986677,75.784427
786,0,0.011472,25.619810,0.197974,0.006664,25.824448,54.281717,12.818855,92.936894
787,0,0.021312,21.031663,0.157594,0.006638,21.195895,56.674767,14.888492,92.780807
788,0,0.020254,15.586935,0.106507,0.006798,15.700240,61.734769,15.838180,93.293928
789,0,0.020178,15.710531,0.122643,0.007228,15.840402,52.057024,8.728613,76.646802
790,0,0.019716,19.077280,0.174876,0.006448,19.258604,59.478374,12.751201,91.508168
791,0,0.020714,25.215741,0.212912,0.006233,25.434886,55.733911,11.882349,93.072447
792,0,0.021090,20.777710,0.213957,0.008944,21.000611,52.782117,1.793940,75.598250
793,0,0.013026,18.835173,0.109461,0.007714,18.952348,56.274957,1.782431,77.023181
794,0,0.013982,19.192129,0.120758,0.006110,19.318997,62.588777,10.686338,92.608477
795,0,0.023314,17.634094,0.129899,0.007033,17.771026,59.794238,13.799104,91.388248
796,0,0.027867,18.608499,0.143819,0.006742,18.759060,52.311729,5.731329,76.830698
797,0,0.027011,19.204971,0.196299,0.006335,19.407605,55.909897,0.717246,76.062203
798,0,0.010040,20.709358,0.112759,0.006724,20.828841,59.888729,12.788201,93.516394
799,0,0.021452,19.178140,0.208369,0.006488,19.392997,57.816416,15.638426,92.869721
800,0,0.019342,19.466335,0.138263,0.006650,19.611248,56.882606,16.168906,92.682479
801,0,0.024367,21.322194,0.108551,0.006739,21.437484,54.523796,15.754004,91.740103
802,0,0.021161,17.444384,0.156825,0.007197,17.608406,56.226266,2.702662,76.559152
803,0,0.013808,18.919510,0.104482,0.006322,19.030314,56.815214,1.764178,77.624016
804,0,0.015468,20.892585,0.217340,0.010735,21.120660,59.501904,11.780255,92.418683
805,0,0.021469,24.756860,0.165839,0.006423,24.929122,58.363028,8.898094,92.212295
806,0,0.021650,19.467871,0.103504,0.006283,19.577658,55.313173,16.781020,91.693862
807,0,0.024277,19.366070,0.104857,0.006502,19.477429,58.654309,13.712664,91.869128
808,0,0.023860,16.623362,0.075693,0.006770,16.705825,58.573903,0.724362,76.028374
809,0,0.008609,15.988825,0.129161,0.006463,16.124449,56.922412,4.747729,77.803701
810,0,0.019079,18.712752,0.225473,0.006697,18.944922,55.451697,2.984909,77.400921
811,0,0.011931,18.226173,0.168828,0.006990,18.401991,64.050277,9.991296,92.456058
812,0,0.019085,18.963681,0.168592,0.006736,19.139009,56.650066,0.889243,76.697955
813,0,0.010085,21.311848,0.108053,0.006233,21.426134,51.097343,4.803351,77.337519
814,0,0.020353,23.399496,0.108048,0.006577,23.514121,56.961008,11.941053,92.437247
815,0,0.037243,22.337358,0.104329,0.005613,22.447300,62.192961,6.788103,91.466096
816,0,0.020777,20.651367,0.206204,0.007021,20.864592,54.286822,1.706346,76.878951
817,0,0.008918,17.352216,0.109332,0.006092,17.467640,58.333591,0.805373,76.616140
818,0,0.009854,17.692936,0.061871,0.006952,17.761759,56.096963,2.712311,76.581230
819,0,0.014100,18.514528,0.127942,0.006933,18.649403,55.827363,1.726315,76.217684
820,0,0.011343,16.941725,0.171236,0.008652,17.121613,56.271822,3.914477,77.319642
821,0,0.015122,18.176421,0.091791,0.006355,18.274567,53.261632,5.803705,77.355406
822,0,0.020241,18.745861,0.100745,0.006113,18.852719,56.771772,1.858716,77.503722
823,0,0.010532,18.403970,0.098635,0.006151,18.508756,58.768422,15.831324,93.119688
824,0,0.021463,20.818430,0.066816,0.006808,20.892054,53.150509,1.779946,75.844356
825,0,0.018141,17.664677,0.073978,0.006799,17.745454,51.316400,8.749741,77.830166
826,0,0.020715,18.348343,0.213303,0.006376,18.568022,61.905126,11.748049,92.242309
827,0,0.020820,17.575785,0.124326,0.006567,17.706678,56.767715,2.034907,76.530494
828,0,0.017153,20.406721,0.117614,0.006826,20.531161,58.542657,12.925446,92.016991
829,0,0.019746,20.470981,0.176526,0.006230,20.653737,59.691116,12.706918,93.072043
830,0,0.021084,18.180237,0.122051,0.006715,18.309003,60.011874,13.066015,91.408324
831,0,0.020893,18.570989,0.195601,0.006744,18.773334,59.007218,14.016607,91.818514
832,0,0.021507,18.454438,0.227469,0.006616,18.688523,52.587617,5.061718,76.360179
833,0,0.021159,19.262696,0.123619,0.006758,19.393073,64.978556,9.801887,94.195238
834,0,0.020335,17.248287,0.130899,0.006776,17.385962,60.446928,13.690973,91.544728
835,0,0.020139,34.325366,0.188105,0.006622,34.520093,66.000939,7.789543,108.331300
836,0,0.024389,22.230535,0.223002,0.007115,22.460652,67.624304,1.825005,91.934800
837,0,0.011126,22.097621,0.120127,0.006872,22.224620,60.025429,10.059364,92.320999
838,0,0.023484,18.505842,0.064417,0.006651,18.576910,63.399462,10.727388,92.727676
839,0,0.018982,17.331928,0.126317,0.006683,17.464928,58.685912,15.913193,92.083427
840,0,0.020714,24.469205,0.175550,0.006773,24.651528,55.630083,10.826786,91.129593
841,0,0.017016,22.866944,0.127674,0.007201,23.001819,67.167754,1.567457,91.754558
842,0,0.009124,24.494297,0.108205,0.006288,24.608790,50.363551,1.768716,76.750641
843,0,0.013840,26.531501,0.124006,0.006879,26.662386,64.961756,2.009529,93.648009
844,0,0.014706,25.634982,0.282520,0.009126,25.926628,76.169951,5.756836,107.868493
845,0,0.019091,26.378677,0.126038,0.006424,26.511139,64.957121,0.770528,92.258502
846,0,0.009603,27.915992,0.259688,0.005685,28.181365,59.814039,4.481424,92.486915
847,0,0.019836,22.829045,0.116607,0.007342,22.952994,76.824139,7.727508,107.524946
848,0,0.021362,25.245277,0.147724,0.008776,25.401777,111.227316,1.132576,137.783389
849,0,0.008493,33.832175,0.226846,0.008830,34.067851,67.927279,6.027117,108.031121
850,5,0.020932,19.607154,0.190971,0.006871,19.804996,66.966454,5.320076,92.113002
851,5,0.023082,28.884965,0.233623,0.006783,29.125371,66.403490,11.874307,107.426804
852,5,0.024849,22.522513,0.144443,0.006923,22.673879,60.498189,9.331930,92.529257
853,5,0.021643,29.106751,0.130447,0.006785,29.243983,56.529880,6.842304,92.638194
854,5,0.023639,18.966444,0.168121,0.006714,19.141279,67.908042,4.911725,91.985209
855,9,0.018977,26.631810,0.082912,0.006416,26.721138,61.138556,4.779345,92.658685
856,9,0.051571,19.615775,0.065849,0.007033,19.688657,67.649404,4.861645,92.251796
857,9,0.017975,28.389621,0.201196,0.007265,28.598082,64.949547,14.954267,108.520307
858,9,0.019740,20.142545,0.069602,0.006966,20.219113,77.473837,9.737361,107.450647
859,9,0.023591,20.820529,0.101726,0.006550,20.928805,61.640082,9.361689,91.954715
860,9,0.021271,16.826456,0.130089,0.006211,16.962756,56.756726,1.802071,75.543195
