iteration,food_quantity,event_poll_ms,ants_advance_ms,mpi_pheromone_sync_ms,evaporation_ms,mpi_evaporation_sync_ms,update_ms,advance_total_ms,mpi_food_sync_ms,mpi_gather_ms,render_ms,blit_ms,iteration_total_ms
1,0,0.000000,11.789000,17.885000,0.000000,3.048000,5.008000,37.730000,0.000000,1.539000,0.000000,0.000000,39.269000
2,0,0.000000,14.448000,7.820000,0.000000,7.901000,1.523000,31.692000,0.000000,1.534000,0.000000,0.000000,33.226000
3,0,0.000000,14.986000,11.729000,0.000000,6.600000,0.000000,33.315000,0.000000,3.486000,0.000000,0.000000,36.801000
4,0,0.000000,14.843000,12.454000,0.000000,7.647000,0.583000,35.527000,0.000000,2.017000,0.000000,0.000000,37.544000
5,0,0.000000,18.972000,8.328000,0.000000,8.397000,1.596000,37.293000,0.000000,1.994000,0.000000,0.000000,39.287000
6,0,0.000000,15.944000,13.625000,0.000000,7.603000,0.679000,37.851000,0.000000,2.020000,0.000000,0.000000,39.871000
7,0,0.000000,16.862000,11.247000,0.563000,7.134000,1.615000,37.421000,0.000000,2.484000,0.000000,0.000000,39.905000
8,0,0.000000,22.550000,5.598000,0.000000,6.871000,2.593000,37.612000,1.031000,0.000000,0.000000,0.000000,38.643000
9,0,0.000000,22.552000,6.570000,0.000000,6.450000,2.033000,37.605000,0.000000,2.038000,0.000000,0.000000,39.643000
10,0,0.000000,22.461000,9.303000,0.000000,5.347000,2.908000,40.019000,0.000000,2.008000,0.000000,0.000000,42.027000
11,0,0.000000,16.115000,12.826000,0.000000,8.350000,0.000000,37.291000,0.000000,0.000000,0.000000,0.000000,37.291000
12,0,0.000000,18.029000,9.361000,0.000000,7.092000,2.024000,36.506000,0.000000,1.710000,0.000000,0.000000,38.216000
13,0,0.000000,18.230000,8.185000,0.000000,10.254000,2.096000,38.765000,0.000000,0.529000,0.000000,0.000000,39.294000
14,0,0.000000,16.258000,9.832000,0.000000,7.259000,2.051000,35.400000,0.000000,1.548000,0.000000,0.000000,36.948000
15,0,0.000000,17.993000,8.235000,0.000000,8.683000,1.009000,35.920000,0.523000,0.000000,0.000000,0.000000,36.443000
16,0,0.000000,14.021000,11.199000,0.000000,6.072000,2.027000,33.319000,0.000000,0.720000,0.000000,0.000000,34.039000
17,0,0.000000,16.156000,13.272000,0.000000,6.243000,2.031000,37.702000,0.000000,1.008000,0.000000,0.000000,38.710000
18,0,0.000000,13.889000,11.018000,0.000000,8.086000,1.513000,34.506000,0.000000,1.123000,0.000000,0.000000,35.629000
19,0,0.000000,20.720000,5.274000,0.000000,8.670000,0.000000,34.664000,0.000000,2.021000,0.000000,0.000000,36.685000
20,0,0.000000,18.590000,8.666000,0.000000,7.589000,1.907000,36.752000,0.000000,1.363000,0.000000,0.000000,38.115000
21,0,0.000000,18.013000,8.180000,0.000000,5.726000,3.346000,35.265000,0.000000,1.037000,0.000000,0.000000,36.302000
22,0,0.000000,15.899000,11.653000,0.000000,7.113000,1.530000,36.195000,0.000000,2.043000,0.000000,0.000000,38.238000
23,0,0.000000,20.284000,9.641000,0.000000,9.226000,1.025000,40.176000,0.000000,2.560000,0.000000,0.000000,42.736000
24,0,0.000000,17.371000,13.259000,0.000000,8.694000,1.017000,40.341000,0.000000,2.023000,0.000000,0.000000,42.364000
25,0,0.000000,21.432000,6.632000,0.000000,6.856000,1.536000,36.456000,0.000000,0.000000,0.000000,0.000000,36.456000
26,0,0.000000,21.576000,7.034000,0.000000,7.092000,2.013000,37.715000,0.000000,1.636000,0.000000,0.000000,39.351000
27,0,0.000000,13.321000,12.200000,0.000000,7.518000,1.674000,34.713000,0.000000,1.095000,0.000000,0.000000,35.808000
28,0,0.000000,19.196000,6.242000,0.000000,7.803000,1.547000,34.788000,0.000000,1.536000,0.000000,0.000000,36.324000
29,0,0.000000,19.074000,8.114000,0.000000,6.220000,0.000000,33.408000,3.036000,0.527000,0.000000,0.000000,36.971000
30,0,0.000000,17.050000,7.536000,0.000000,7.585000,0.000000,32.171000,2.027000,0.000000,0.000000,0.000000,34.198000
31,0,0.000000,14.379000,15.663000,0.000000,8.507000,2.037000,40.586000,0.355000,1.327000,0.000000,0.000000,42.268000
32,0,0.000000,18.266000,7.077000,0.000000,8.293000,1.030000,34.666000,0.588000,1.107000,0.000000,0.000000,36.361000
33,0,0.000000,16.631000,10.904000,0.000000,6.848000,1.531000,35.914000,0.000000,2.168000,0.000000,0.000000,38.082000
34,0,0.000000,21.480000,8.824000,0.525000,8.550000,2.029000,41.408000,0.505000,1.030000,0.000000,0.000000,42.943000
35,0,0.000000,19.350000,9.885000,0.000000,6.234000,2.041000,37.510000,1.036000,0.000000,0.000000,0.000000,38.546000
36,0,0.000000,21.767000,8.642000,0.000000,9.754000,1.995000,42.158000,0.000000,2.006000,0.000000,0.000000,44.164000
37,0,0.000000,16.346000,16.238000,0.000000,10.496000,1.403000,44.483000,1.018000,1.102000,0.000000,0.000000,46.603000
38,0,0.000000,17.548000,9.330000,0.000000,8.375000,1.031000,36.284000,0.606000,0.000000,0.000000,0.000000,36.890000
39,0,0.000000,16.410000,9.977000,0.000000,9.024000,1.028000,36.439000,0.000000,1.543000,0.000000,0.000000,37.982000
40,0,0.000000,15.664000,8.491000,0.000000,8.081000,1.525000,33.761000,0.000000,2.027000,0.000000,0.000000,35.788000
41,0,0.000000,16.060000,10.234000,0.000000,8.797000,0.701000,35.792000,0.000000,0.000000,0.000000,0.000000,35.792000
42,0,0.000000,22.479000,7.940000,0.000000,6.237000,2.113000,38.769000,0.000000,1.022000,0.000000,0.000000,39.791000
43,0,0.000000,19.340000,7.065000,0.000000,7.150000,1.223000,34.778000,0.000000,1.622000,0.000000,0.000000,36.400000
44,0,0.000000,20.805000,8.389000,0.000000,10.581000,0.000000,39.775000,0.000000,3.065000,0.000000,0.000000,42.840000
45,0,0.000000,17.288000,6.670000,0.000000,6.055000,1.526000,31.539000,0.000000,0.000000,0.000000,0.000000,31.539000
46,0,0.000000,14.334000,11.080000,0.000000,7.416000,1.037000,33.867000,0.000000,1.317000,0.000000,0.000000,35.184000
47,0,0.000000,16.611000,11.763000,0.000000,8.028000,0.000000,36.402000,2.066000,0.000000,0.000000,0.000000,38.468000
48,0,0.000000,15.878000,11.831000,0.000000,6.269000,1.225000,35.203000,0.000000,2.025000,0.000000,0.000000,37.228000
49,0,0.000000,14.121000,15.080000,0.000000,11.052000,1.600000,41.853000,0.000000,1.026000,0.000000,0.000000,42.879000
50,0,0.000000,21.358000,8.409000,0.000000,6.613000,2.712000,39.092000,0.000000,0.531000,0.000000,0.000000,39.623000
51,0,0.000000,14.039000,15.457000,0.000000,7.490000,2.727000,39.713000,0.000000,0.529000,0.000000,0.000000,40.242000
52,0,0.000000,18.627000,9.639000,0.000000,6.620000,2.826000,37.712000,0.000000,1.031000,0.000000,0.000000,38.743000
53,0,0.000000,16.568000,9.382000,0.000000,6.594000,2.037000,34.581000,0.000000,1.417000,0.000000,0.000000,35.998000
54,0,0.000000,17.567000,6.969000,0.000000,5.105000,0.000000,29.641000,3.179000,1.487000,0.000000,0.000000,34.307000
55,0,0.000000,17.646000,7.198000,0.000000,5.182000,4.374000,34.400000,0.000000,2.684000,0.000000,0.000000,37.084000
56,0,0.000000,13.219000,12.672000,0.000000,8.720000,1.542000,36.153000,0.000000,1.017000,0.000000,0.000000,37.170000
57,0,0.000000,16.212000,8.389000,0.000000,9.482000,2.116000,36.199000,0.000000,1.416000,0.000000,0.000000,37.615000
58,0,0.000000,14.118000,9.806000,0.000000,4.264000,5.290000,33.478000,0.000000,1.008000,0.000000,0.000000,34.486000
59,0,0.000000,13.950000,8.170000,0.000000,9.177000,0.000000,31.297000,0.000000,2.595000,0.000000,0.000000,33.892000
60,0,0.000000,17.706000,6.546000,0.000000,5.614000,0.000000,29.866000,0.000000,0.000000,0.000000,0.000000,29.866000
61,0,0.000000,18.230000,9.615000,0.000000,5.549000,2.019000,35.413000,0.000000,1.037000,0.000000,0.000000,36.450000
62,0,0.000000,15.447000,13.509000,0.000000,5.862000,1.563000,36.381000,0.000000,2.224000,0.000000,0.000000,38.605000
63,0,0.000000,14.030000,34.424000,0.719000,10.663000,1.046000,60.882000,0.000000,2.175000,0.000000,0.000000,63.057000
64,0,0.000000,10.826000,17.932000,0.000000,11.399000,2.565000,42.722000,0.000000,0.000000,0.000000,0.000000,42.722000
65,0,0.000000,18.154000,15.565000,0.000000,9.497000,1.609000,44.825000,0.000000,3.249000,0.000000,0.000000,48.074000
66,0,0.000000,15.169000,19.734000,0.000000,9.403000,1.609000,45.915000,0.000000,2.727000,0.000000,0.000000,48.642000
67,0,0.000000,29.814000,8.905000,0.701000,15.168000,0.000000,54.588000,2.587000,0.000000,0.000000,0.000000,57.175000
68,0,0.000000,19.031000,25.159000,0.000000,41.657000,1.200000,87.047000,0.512000,4.787000,0.000000,0.000000,92.346000
69,0,0.000000,28.764000,31.808000,0.000000,9.270000,1.539000,71.381000,1.081000,2.006000,0.000000,0.000000,74.468000
70,0,0.000000,36.132000,9.987000,0.000000,10.009000,1.048000,57.176000,0.000000,2.020000,0.000000,0.000000,59.196000
71,0,0.000000,15.771000,14.475000,0.000000,8.175000,0.693000,39.114000,1.586000,2.877000,0.000000,0.000000,43.577000
72,0,0.000000,18.518000,13.069000,0.000000,8.651000,0.525000,40.763000,0.000000,2.018000,0.000000,0.000000,42.781000
73,0,0.000000,16.028000,17.137000,0.000000,8.855000,2.072000,44.092000,0.000000,1.549000,0.000000,0.000000,45.641000
74,0,0.000000,21.800000,8.884000,0.000000,7.160000,1.549000,39.393000,1.233000,1.452000,0.000000,0.000000,42.078000
75,0,0.000000,14.916000,17.134000,0.000000,6.519000,4.050000,42.619000,0.000000,1.042000,0.000000,0.000000,43.661000
76,0,0.000000,15.529000,18.117000,0.000000,11.504000,0.000000,45.150000,0.000000,0.000000,0.000000,0.000000,45.150000
77,0,0.000000,21.158000,14.834000,0.000000,10.846000,1.480000,48.318000,0.305000,1.391000,0.000000,0.000000,50.014000
78,0,0.000000,16.990000,18.448000,0.000000,8.218000,2.193000,45.849000,0.000000,2.357000,0.000000,0.000000,48.206000
79,0,0.000000,22.093000,9.834000,1.508000,8.858000,2.025000,44.318000,0.684000,0.000000,0.000000,0.000000,45.002000
80,0,0.000000,14.524000,12.022000,0.000000,11.152000,2.532000,40.230000,1.036000,1.538000,0.000000,0.000000,42.804000
81,0,0.000000,15.500000,18.480000,3.230000,10.560000,1.664000,49.434000,0.000000,2.229000,0.000000,0.000000,51.663000
82,0,0.000000,18.210000,11.893000,0.000000,13.067000,3.093000,46.263000,0.000000,2.566000,0.000000,0.000000,48.829000
83,0,0.000000,23.214000,8.263000,0.000000,10.747000,1.050000,43.274000,0.000000,3.034000,0.000000,0.000000,46.308000
84,0,0.000000,14.128000,17.254000,0.000000,3.602000,6.267000,41.251000,0.000000,2.541000,0.000000,0.000000,43.792000
85,0,0.000000,17.932000,11.060000,0.000000,9.278000,1.559000,39.829000,0.000000,1.533000,0.000000,0.000000,41.362000
86,0,0.000000,22.206000,10.026000,0.000000,6.767000,3.563000,42.562000,1.069000,1.029000,0.000000,0.000000,44.660000
87,0,0.000000,20.057000,15.094000,0.000000,7.656000,1.293000,44.100000,0.000000,0.000000,0.000000,0.000000,44.100000
88,0,0.000000,22.969000,28.178000,0.000000,14.670000,2.018000,67.835000,0.000000,2.062000,0.000000,0.000000,69.897000
89,0,0.000000,54.378000,20.637000,0.000000,17.319000,2.103000,94.437000,0.000000,2.639000,0.000000,0.000000,97.076000
90,0,0.000000,34.720000,14.914000,0.000000,15.252000,1.493000,66.379000,0.000000,2.721000,0.000000,0.000000,69.100000
91,0,0.000000,41.651000,16.793000,0.000000,15.963000,1.534000,75.941000,0.594000,1.030000,0.000000,0.000000,77.565000
92,0,0.000000,48.039000,19.598000,0.000000,17.917000,2.171000,87.725000,1.640000,2.785000,0.000000,0.000000,92.150000
93,0,0.000000,39.557000,16.713000,0.000000,13.928000,1.537000,71.735000,2.045000,1.688000,0.000000,0.000000,75.468000
94,0,0.000000,30.735000,20.503000,0.000000,14.084000,3.142000,68.464000,0.000000,3.837000,0.000000,0.000000,72.301000
95,0,0.000000,43.081000,15.918000,1.001000,11.794000,1.716000,73.510000,0.000000,3.670000,0.000000,0.000000,77.180000
96,0,0.000000,40.050000,13.367000,0.000000,15.237000,2.878000,71.532000,0.625000,1.132000,0.000000,0.000000,73.289000
97,0,0.000000,40.474000,12.967000,0.000000,15.906000,1.538000,70.885000,0.616000,2.830000,0.000000,0.000000,74.331000
98,0,0.000000,37.678000,17.816000,0.000000,15.875000,1.755000,73.124000,0.632000,2.656000,0.000000,0.000000,76.412000
99,0,0.000000,39.416000,17.140000,1.030000,16.417000,2.041000,76.044000,0.529000,1.970000,0.000000,0.000000,78.543000
100,0,0.000000,34.156000,23.556000,0.000000,15.627000,2.282000,75.621000,0.000000,3.554000,0.000000,0.000000,79.175000
101,0,0.000000,41.075000,18.338000,0.000000,15.192000,2.568000,77.173000,0.000000,3.561000,0.000000,0.000000,80.734000
102,0,0.000000,76.263000,28.347000,0.607000,18.372000,3.605000,127.194000,0.000000,3.442000,0.000000,0.000000,130.636000
103,0,0.000000,56.220000,23.632000,0.000000,25.161000,1.540000,106.553000,0.997000,3.736000,0.000000,0.000000,111.797000
104,0,0.000000,77.800000,28.710000,0.000000,20.377000,1.028000,127.915000,1.518000,3.241000,0.000000,0.000000,132.674000
105,0,0.000000,55.074000,24.845000,0.000000,23.839000,4.309000,108.067000,0.000000,5.019000,0.000000,0.000000,113.086000
106,0,0.000000,58.147000,28.277000,0.000000,25.445000,2.282000,114.151000,0.000000,2.114000,0.000000,0.000000,116.265000
107,0,0.000000,72.349000,25.471000,0.000000,21.522000,2.502000,121.844000,1.084000,3.916000,0.000000,0.000000,126.844000
108,0,0.000000,33.372000,12.615000,0.000000,11.713000,2.557000,60.257000,0.000000,1.542000,0.000000,0.000000,61.799000
109,0,0.000000,31.062000,12.744000,0.000000,13.485000,0.618000,57.909000,1.384000,1.436000,0.000000,0.000000,60.729000
110,0,0.000000,30.076000,11.873000,0.000000,11.742000,3.068000,56.759000,0.000000,1.348000,0.000000,0.000000,58.107000
111,0,0.000000,27.068000,11.186000,0.000000,11.037000,3.703000,52.994000,0.000000,1.513000,0.000000,0.000000,54.507000
112,0,0.000000,27.994000,10.055000,0.000000,8.759000,2.568000,49.376000,0.000000,2.054000,0.000000,0.000000,51.430000
113,0,0.000000,25.585000,9.315000,0.000000,10.403000,1.704000,47.007000,0.000000,1.537000,0.000000,0.000000,48.544000
114,0,0.000000,28.444000,7.976000,0.000000,9.223000,2.255000,47.898000,0.000000,1.520000,0.000000,0.000000,49.418000
115,0,0.000000,29.012000,10.030000,0.000000,9.154000,1.525000,49.721000,1.019000,1.290000,0.000000,0.000000,52.030000
116,0,0.000000,24.425000,11.157000,0.000000,10.996000,1.085000,47.663000,0.000000,2.183000,0.000000,0.000000,49.846000
117,0,0.000000,28.265000,10.707000,0.000000,10.289000,1.714000,50.975000,0.000000,1.318000,0.000000,0.000000,52.293000
118,0,0.000000,28.252000,9.428000,1.019000,8.288000,2.010000,48.997000,0.000000,1.771000,0.000000,0.000000,50.768000
119,0,0.000000,25.547000,12.971000,0.000000,8.524000,2.292000,49.334000,0.561000,1.543000,0.000000,0.000000,51.438000
120,0,0.000000,29.083000,10.435000,0.000000,11.629000,1.210000,52.357000,1.146000,1.266000,0.000000,0.000000,54.769000
121,0,0.000000,24.909000,12.449000,0.000000,12.666000,1.712000,51.736000,0.000000,2.007000,0.000000,0.000000,53.743000
122,0,0.000000,29.637000,10.780000,0.000000,13.094000,1.693000,55.204000,0.508000,1.063000,0.000000,0.000000,56.775000
123,0,0.000000,31.041000,15.264000,0.000000,12.553000,1.791000,60.649000,0.000000,2.118000,0.000000,0.000000,62.767000
124,0,0.000000,27.255000,11.671000,1.018000,9.338000,2.059000,51.341000,0.000000,1.528000,0.000000,0.000000,52.869000
125,0,0.000000,28.880000,12.725000,0.000000,10.317000,2.518000,54.440000,0.000000,2.048000,0.000000,0.000000,56.488000
126,0,0.000000,31.470000,13.600000,0.000000,10.874000,2.132000,58.076000,0.352000,1.661000,0.000000,0.000000,60.089000
127,0,0.000000,29.501000,14.845000,0.000000,12.208000,3.016000,59.570000,0.000000,1.974000,0.000000,0.000000,61.544000
128,0,0.000000,26.819000,13.072000,0.000000,10.302000,1.682000,51.875000,1.134000,1.059000,0.000000,0.000000,54.068000
129,0,0.000000,29.810000,11.702000,0.000000,9.906000,1.648000,53.066000,0.000000,2.340000,0.000000,0.000000,55.406000
130,0,0.000000,29.547000,10.042000,0.000000,10.284000,2.106000,51.979000,0.000000,2.574000,0.000000,0.000000,54.553000
131,0,0.000000,24.098000,10.267000,0.000000,10.205000,2.287000,46.857000,0.000000,0.533000,0.000000,0.000000,47.390000
132,0,0.000000,24.086000,12.385000,0.000000,9.825000,1.989000,48.285000,0.000000,1.769000,0.000000,0.000000,50.054000
133,0,0.000000,22.382000,13.904000,0.000000,9.872000,0.000000,46.158000,2.210000,0.000000,0.000000,0.000000,48.368000
134,0,0.000000,25.949000,10.846000,0.000000,9.174000,2.205000,48.174000,0.000000,1.387000,0.000000,0.000000,49.561000
135,0,0.000000,26.623000,9.598000,0.000000,9.271000,1.396000,46.888000,1.668000,1.695000,0.000000,0.000000,50.251000
136,0,0.000000,25.501000,10.925000,0.000000,10.864000,1.769000,49.059000,0.000000,1.005000,0.000000,0.000000,50.064000
137,0,0.000000,28.998000,10.092000,0.000000,10.619000,1.126000,50.835000,0.995000,1.728000,0.000000,0.000000,53.558000
138,0,0.000000,27.643000,11.106000,0.000000,8.853000,2.011000,49.613000,0.000000,0.994000,0.000000,0.000000,50.607000
139,0,0.000000,27.915000,9.778000,0.000000,9.439000,2.006000,49.138000,0.000000,1.997000,0.000000,0.000000,51.135000
140,0,0.000000,26.932000,11.251000,0.000000,7.134000,0.000000,45.317000,4.780000,1.555000,0.000000,0.000000,51.652000
141,0,0.000000,21.953000,16.231000,0.000000,8.726000,2.566000,49.476000,0.000000,1.508000,0.000000,0.000000,50.984000
142,0,0.000000,24.764000,11.477000,0.000000,9.311000,1.698000,47.250000,0.000000,2.543000,0.000000,0.000000,49.793000
143,0,0.000000,25.827000,11.830000,0.000000,8.578000,2.550000,48.785000,0.993000,1.522000,0.000000,0.000000,51.300000
144,0,0.000000,25.622000,10.254000,0.000000,8.612000,2.532000,47.020000,1.000000,1.358000,0.000000,0.000000,49.378000
145,0,0.000000,26.752000,12.577000,0.000000,10.125000,1.566000,51.020000,0.000000,2.009000,0.000000,0.000000,53.029000
146,0,0.000000,25.039000,10.702000,0.000000,8.698000,2.319000,46.758000,0.655000,1.117000,0.000000,0.000000,48.530000
147,0,0.000000,25.482000,12.095000,0.000000,8.353000,2.315000,48.245000,0.000000,1.786000,0.000000,0.000000,50.031000
148,0,0.000000,25.391000,12.772000,0.000000,10.723000,0.000000,48.886000,0.000000,3.364000,0.000000,0.000000,52.250000
149,0,0.000000,21.935000,13.631000,0.000000,10.862000,1.130000,47.558000,1.632000,0.808000,0.000000,0.000000,49.998000
150,0,0.000000,27.381000,6.335000,0.000000,12.639000,3.017000,49.372000,0.000000,0.509000,0.000000,0.000000,49.881000
151,0,0.000000,24.154000,10.670000,0.000000,9.340000,1.147000,45.311000,1.028000,2.076000,0.000000,0.000000,48.415000
152,0,0.000000,25.231000,9.903000,0.000000,10.523000,1.330000,46.987000,0.000000,1.118000,0.000000,0.000000,48.105000
153,0,0.000000,24.502000,12.285000,0.000000,10.325000,1.147000,48.259000,0.000000,2.302000,0.000000,0.000000,50.561000
154,0,0.000000,23.429000,10.927000,0.000000,9.932000,1.355000,45.643000,0.000000,2.996000,0.000000,0.000000,48.639000
155,0,0.000000,23.187000,10.995000,0.000000,11.928000,1.901000,48.011000,0.000000,2.264000,0.000000,0.000000,50.275000
156,0,0.000000,24.320000,10.942000,0.000000,11.265000,2.338000,48.865000,0.656000,0.623000,0.000000,0.000000,50.144000
157,0,0.000000,25.347000,10.908000,0.000000,9.058000,1.138000,46.451000,0.000000,2.276000,0.000000,0.000000,48.727000
158,0,0.000000,26.864000,9.585000,0.000000,10.215000,0.000000,46.664000,2.690000,0.664000,0.000000,0.000000,50.018000
159,0,0.000000,26.260000,9.142000,0.000000,11.209000,2.045000,48.656000,0.000000,1.320000,0.000000,0.000000,49.976000
160,0,0.000000,25.338000,11.520000,0.675000,9.407000,2.111000,49.051000,0.613000,1.221000,0.000000,0.000000,50.885000
161,0,0.000000,30.234000,21.009000,0.000000,15.197000,1.220000,67.660000,1.127000,3.385000,0.000000,0.000000,72.172000
162,0,0.000000,27.131000,13.851000,0.000000,8.924000,2.003000,51.909000,0.000000,2.738000,0.000000,0.000000,54.647000
163,0,0.000000,24.645000,12.050000,0.000000,9.250000,2.005000,47.950000,0.540000,1.555000,0.000000,0.000000,50.045000
164,0,0.000000,23.423000,13.337000,0.000000,8.464000,2.752000,47.976000,0.000000,2.240000,0.000000,0.000000,50.216000
165,0,0.000000,27.242000,8.454000,0.935000,8.919000,2.778000,48.328000,0.000000,1.795000,0.000000,0.000000,50.123000
166,0,0.000000,24.726000,11.612000,0.000000,8.905000,2.552000,47.795000,0.000000,1.569000,0.000000,0.000000,49.364000
167,0,0.000000,23.991000,12.537000,0.000000,9.401000,0.907000,46.836000,1.623000,1.314000,0.000000,0.000000,49.773000
168,0,0.000000,25.053000,12.557000,0.000000,9.607000,2.257000,49.474000,0.660000,1.637000,0.000000,0.000000,51.771000
169,0,0.000000,33.289000,13.451000,0.506000,8.419000,4.482000,60.147000,0.000000,3.572000,0.000000,0.000000,63.719000
170,0,0.000000,27.229000,20.328000,0.000000,18.370000,1.677000,67.604000,1.129000,1.990000,0.000000,0.000000,70.723000
171,0,0.000000,31.153000,19.029000,0.000000,12.080000,1.150000,63.412000,1.699000,1.415000,0.000000,0.000000,66.526000
172,0,0.000000,29.807000,15.234000,0.000000,15.915000,2.317000,63.273000,0.650000,2.149000,0.000000,0.000000,66.072000
173,0,0.000000,34.599000,11.266000,0.000000,11.271000,0.642000,57.778000,1.862000,1.669000,0.000000,0.000000,61.309000
174,0,0.000000,25.660000,12.492000,0.000000,11.269000,1.743000,51.164000,0.000000,2.113000,0.000000,0.000000,53.277000
175,0,0.000000,24.126000,12.453000,0.000000,10.567000,1.020000,48.166000,0.988000,0.745000,0.000000,0.000000,49.899000
176,0,0.000000,24.285000,12.399000,0.000000,9.311000,2.675000,48.670000,0.000000,1.731000,0.000000,0.000000,50.401000
177,0,0.000000,26.085000,16.235000,0.000000,8.878000,0.561000,51.759000,1.565000,1.364000,0.000000,0.000000,54.688000
178,0,0.000000,26.907000,10.110000,0.000000,8.165000,3.283000,48.465000,0.000000,2.059000,0.000000,0.000000,50.524000
179,0,0.000000,27.679000,13.405000,0.000000,10.882000,1.638000,53.604000,0.000000,2.258000,0.000000,0.000000,55.862000
180,0,0.000000,26.046000,11.706000,0.000000,10.028000,2.331000,50.111000,0.000000,1.665000,0.000000,0.000000,51.776000
181,0,0.000000,27.057000,10.451000,0.000000,8.408000,2.370000,48.286000,0.000000,2.134000,0.000000,0.000000,50.420000
182,0,0.000000,28.356000,7.704000,0.989000,11.246000,1.559000,49.854000,0.000000,1.522000,0.000000,0.000000,51.376000
183,0,0.000000,24.755000,8.704000,1.001000,9.959000,2.420000,46.839000,0.000000,1.507000,0.000000,0.000000,48.346000
184,0,0.000000,25.245000,11.369000,0.000000,9.724000,1.787000,48.125000,0.000000,1.662000,0.000000,0.000000,49.787000
185,0,0.000000,25.192000,10.290000,0.000000,9.897000,2.299000,47.678000,0.000000,0.555000,0.000000,0.000000,48.233000
186,0,0.000000,25.137000,11.769000,0.000000,10.065000,2.225000,49.196000,0.522000,1.175000,0.000000,0.000000,50.893000
187,0,0.000000,26.893000,8.336000,1.523000,9.906000,1.557000,48.215000,0.000000,2.164000,0.000000,0.000000,50.379000
188,0,0.000000,22.165000,13.029000,0.000000,10.454000,1.671000,47.319000,0.000000,2.385000,0.000000,0.000000,49.704000
189,0,0.000000,25.381000,11.269000,0.000000,9.554000,1.261000,47.465000,0.000000,1.976000,0.000000,0.000000,49.441000
190,0,0.000000,23.493000,8.490000,0.000000,13.508000,1.713000,47.204000,0.000000,1.675000,0.000000,0.000000,48.879000
191,0,0.000000,22.483000,15.261000,0.000000,10.078000,1.039000,48.861000,1.109000,1.732000,0.000000,0.000000,51.702000
192,0,0.000000,25.951000,9.556000,0.000000,10.357000,2.004000,47.868000,0.000000,1.140000,0.000000,0.000000,49.008000
193,0,0.000000,23.403000,10.297000,0.000000,8.625000,4.173000,46.498000,0.705000,1.633000,0.000000,0.000000,48.836000
194,0,0.000000,29.549000,9.639000,0.000000,11.364000,1.730000,52.282000,0.000000,2.071000,0.000000,0.000000,54.353000
195,0,0.000000,27.914000,11.323000,0.000000,9.637000,1.994000,50.868000,0.000000,1.507000,0.000000,0.000000,52.375000
196,0,0.000000,24.205000,10.706000,0.000000,8.878000,1.769000,45.558000,0.000000,1.970000,0.000000,0.000000,47.528000
197,0,0.000000,27.887000,13.053000,0.000000,6.683000,4.956000,52.579000,1.215000,1.162000,0.000000,0.000000,54.956000
198,0,0.000000,22.601000,10.227000,0.000000,10.507000,0.757000,44.092000,1.135000,1.185000,0.000000,0.000000,46.412000
199,0,0.000000,24.647000,10.397000,0.000000,8.887000,2.002000,45.933000,0.000000,0.997000,0.000000,0.000000,46.930000
200,0,0.000000,26.698000,10.102000,0.000000,10.087000,1.003000,47.890000,0.000000,2.505000,0.000000,0.000000,50.395000
201,0,0.000000,25.792000,11.547000,0.000000,9.292000,2.096000,48.727000,0.000000,1.421000,0.000000,0.000000,50.148000
202,0,0.000000,50.435000,26.977000,0.965000,23.131000,3.938000,105.446000,1.112000,2.701000,0.000000,0.000000,109.259000
203,0,0.000000,49.269000,27.150000,0.000000,20.102000,3.206000,99.727000,0.000000,3.658000,0.000000,0.000000,103.385000
204,0,0.000000,52.654000,23.972000,0.000000,18.880000,4.138000,99.644000,0.522000,2.059000,0.000000,0.000000,102.225000
205,0,0.000000,48.472000,24.156000,0.000000,17.467000,1.631000,91.726000,1.689000,1.662000,0.000000,0.000000,95.077000
206,0,0.000000,49.495000,24.143000,0.000000,21.812000,3.377000,98.827000,0.000000,3.859000,0.000000,0.000000,102.686000
207,0,0.000000,49.951000,26.731000,0.000000,17.927000,3.130000,97.739000,0.993000,3.259000,0.000000,0.000000,101.991000
208,0,0.000000,47.784000,22.297000,0.000000,17.620000,4.066000,91.767000,0.579000,2.566000,0.000000,0.000000,94.912000
209,0,0.000000,49.912000,24.757000,0.000000,21.221000,1.121000,97.011000,1.999000,3.218000,0.000000,0.000000,102.228000
210,0,0.000000,53.562000,23.230000,0.000000,17.880000,3.908000,98.580000,0.652000,2.686000,0.000000,0.000000,101.918000
211,0,0.000000,52.905000,20.884000,1.003000,20.731000,2.465000,97.988000,0.000000,3.449000,0.000000,0.000000,101.437000
212,0,0.000000,38.110000,10.832000,0.000000,10.912000,1.036000,60.890000,0.000000,2.570000,0.000000,0.000000,63.460000
213,0,0.000000,23.635000,15.671000,0.000000,9.689000,2.256000,51.251000,1.191000,1.119000,0.000000,0.000000,53.561000
214,0,0.000000,21.954000,12.821000,0.000000,9.769000,0.999000,45.543000,0.000000,2.342000,0.000000,0.000000,47.885000
215,0,0.000000,26.244000,12.087000,0.000000,9.895000,2.342000,50.568000,0.000000,2.213000,0.000000,0.000000,52.781000
216,0,0.000000,28.858000,8.221000,0.000000,11.778000,1.985000,50.842000,0.000000,0.000000,0.000000,0.000000,50.842000
217,0,0.000000,26.165000,10.386000,0.000000,9.390000,2.130000,48.071000,0.622000,1.607000,0.000000,0.000000,50.300000
218,0,0.000000,22.264000,13.325000,0.000000,8.679000,1.715000,45.983000,1.578000,1.126000,0.000000,0.000000,48.687000
219,0,0.000000,21.675000,13.472000,0.000000,9.382000,2.802000,47.331000,0.000000,1.033000,0.000000,0.000000,48.364000
220,0,0.000000,25.206000,12.112000,0.000000,8.408000,1.450000,47.176000,0.652000,2.112000,0.000000,0.000000,49.940000
221,0,0.000000,22.760000,13.095000,0.000000,11.936000,1.546000,49.337000,0.625000,0.734000,0.000000,0.000000,50.696000
222,0,0.000000,21.961000,14.214000,0.000000,10.505000,1.023000,47.703000,0.919000,0.615000,0.000000,0.000000,49.237000
223,0,0.000000,25.275000,10.482000,0.000000,11.040000,1.755000,48.552000,0.655000,1.167000,0.000000,0.000000,50.374000
224,0,0.000000,21.159000,15.706000,0.000000,9.732000,2.135000,48.732000,0.000000,1.704000,0.000000,0.000000,50.436000
225,0,0.000000,26.236000,8.795000,1.119000,8.912000,1.757000,46.819000,0.000000,1.609000,0.000000,0.000000,48.428000
226,0,0.000000,28.062000,10.960000,0.000000,9.564000,1.146000,49.732000,0.000000,0.000000,0.000000,0.000000,49.732000
227,0,0.000000,28.422000,9.608000,0.000000,9.746000,2.085000,49.861000,0.000000,2.099000,0.000000,0.000000,51.960000
228,0,0.000000,24.806000,10.562000,0.000000,8.979000,1.995000,46.342000,0.591000,1.747000,0.000000,0.000000,48.680000
229,0,0.000000,24.415000,9.686000,0.000000,9.701000,2.913000,46.715000,0.000000,1.629000,0.000000,0.000000,48.344000
230,0,0.000000,25.195000,9.930000,0.000000,8.694000,1.231000,45.050000,0.752000,2.194000,0.000000,0.000000,47.996000
231,0,0.000000,24.216000,10.073000,0.000000,9.985000,3.079000,47.353000,0.000000,2.119000,0.000000,0.000000,49.472000
232,0,0.000000,24.980000,10.422000,0.000000,9.781000,2.862000,48.045000,0.000000,2.117000,0.000000,0.000000,50.162000
233,0,0.000000,22.480000,13.295000,0.000000,9.172000,2.222000,47.169000,0.660000,0.000000,0.000000,0.000000,47.829000
234,0,0.000000,18.491000,16.527000,0.000000,9.617000,1.666000,46.301000,0.000000,2.311000,0.000000,0.000000,48.612000
235,0,0.000000,25.664000,10.747000,0.000000,9.151000,1.124000,46.686000,1.012000,1.683000,0.000000,0.000000,49.381000
236,0,0.000000,23.928000,12.741000,0.000000,9.091000,2.789000,48.549000,0.631000,2.144000,0.000000,0.000000,51.324000
237,0,0.000000,25.457000,9.204000,0.000000,9.152000,4.347000,48.160000,0.000000,0.822000,0.000000,0.000000,48.982000
238,0,0.000000,24.351000,11.707000,0.000000,9.218000,1.012000,46.288000,1.627000,1.722000,0.000000,0.000000,49.637000
239,0,0.000000,21.819000,14.317000,0.000000,8.746000,3.195000,48.077000,0.000000,1.117000,0.000000,0.000000,49.194000
240,0,0.000000,26.561000,10.565000,0.000000,10.090000,1.660000,48.876000,1.095000,1.039000,0.000000,0.000000,51.010000
241,0,0.000000,21.909000,14.522000,0.000000,8.827000,4.003000,49.261000,0.000000,1.647000,0.000000,0.000000,50.908000
242,0,0.000000,22.053000,12.944000,0.000000,12.160000,2.012000,49.169000,0.000000,0.511000,0.000000,0.000000,49.680000
243,0,0.000000,22.719000,14.125000,0.000000,9.215000,2.012000,48.071000,0.000000,1.546000,0.000000,0.000000,49.617000
244,0,0.000000,21.447000,14.323000,0.000000,9.531000,1.288000,46.589000,0.000000,2.688000,0.000000,0.000000,49.277000
245,0,0.000000,23.654000,11.656000,0.000000,10.103000,2.218000,47.631000,0.000000,1.540000,0.000000,0.000000,49.171000
246,0,0.000000,25.821000,10.585000,0.000000,9.470000,3.101000,48.977000,0.000000,1.529000,0.000000,0.000000,50.506000
247,0,0.000000,24.657000,8.827000,0.000000,10.733000,2.890000,47.107000,0.536000,1.562000,0.000000,0.000000,49.205000
248,0,0.000000,24.868000,11.434000,0.000000,10.326000,1.998000,48.626000,0.000000,2.046000,0.000000,0.000000,50.672000
249,0,0.000000,22.337000,13.113000,0.000000,8.876000,1.632000,45.958000,0.000000,1.749000,0.000000,0.000000,47.707000
250,0,0.000000,22.839000,13.374000,0.000000,9.657000,1.014000,46.884000,0.992000,1.223000,0.000000,0.000000,49.099000
251,0,0.000000,22.890000,14.013000,0.000000,8.146000,2.000000,47.049000,0.994000,1.787000,0.000000,0.000000,49.830000
252,0,0.000000,22.372000,12.003000,0.000000,9.126000,2.020000,45.521000,0.000000,2.123000,0.000000,0.000000,47.644000
253,0,0.000000,25.012000,12.310000,0.000000,8.855000,4.017000,50.194000,0.000000,1.716000,0.000000,0.000000,51.910000
254,0,0.000000,21.967000,12.172000,0.000000,8.554000,1.694000,44.387000,1.526000,1.622000,0.000000,0.000000,47.535000
255,0,0.000000,25.513000,11.092000,0.000000,8.451000,1.326000,46.382000,1.029000,1.995000,0.000000,0.000000,49.406000
256,0,0.000000,24.447000,12.507000,0.000000,8.081000,1.828000,46.863000,1.986000,1.050000,0.000000,0.000000,49.899000
257,0,0.000000,24.202000,11.460000,0.000000,8.645000,2.394000,46.701000,0.000000,2.369000,0.000000,0.000000,49.070000
258,0,0.000000,23.025000,14.048000,0.000000,8.410000,2.336000,47.819000,0.627000,1.028000,0.000000,0.000000,49.474000
259,0,0.000000,21.034000,12.755000,0.000000,4.011000,7.529000,45.329000,1.117000,1.121000,0.000000,0.000000,47.567000
260,0,0.000000,23.951000,11.656000,0.000000,9.095000,2.421000,47.123000,0.000000,1.674000,0.000000,0.000000,48.797000
261,0,0.000000,22.240000,12.570000,0.000000,9.161000,2.134000,46.105000,0.000000,1.609000,0.000000,0.000000,47.714000
262,0,0.000000,24.227000,11.231000,0.612000,8.675000,2.004000,46.749000,0.000000,0.990000,0.000000,0.000000,47.739000
263,0,0.000000,22.359000,13.772000,0.000000,11.357000,2.021000,49.509000,0.000000,1.605000,0.000000,0.000000,51.114000
264,0,0.000000,20.449000,13.599000,1.102000,10.634000,2.765000,48.549000,0.000000,1.617000,0.000000,0.000000,50.166000
265,0,0.000000,24.174000,10.604000,0.000000,11.330000,1.639000,47.747000,1.111000,1.502000,0.000000,0.000000,50.360000
266,0,0.000000,23.518000,15.826000,0.000000,8.322000,1.638000,49.304000,0.674000,1.672000,0.000000,0.000000,51.650000
267,0,0.000000,24.342000,12.276000,0.000000,9.981000,1.633000,48.232000,0.000000,1.573000,0.000000,0.000000,49.805000
268,0,0.000000,25.388000,12.047000,0.000000,10.312000,1.675000,49.422000,1.128000,2.131000,0.000000,0.000000,52.681000
269,0,0.000000,22.490000,10.729000,0.000000,9.752000,1.626000,44.597000,0.000000,1.985000,0.000000,0.000000,46.582000
270,0,0.000000,24.974000,11.253000,0.558000,8.334000,1.803000,46.922000,0.000000,1.648000,0.000000,0.000000,49.721000
271,0,0.000000,24.507000,9.989000,1.717000,8.934000,2.022000,47.169000,0.526000,0.000000,0.000000,0.000000,47.695000
272,0,0.000000,24.829000,11.197000,0.000000,8.411000,2.020000,46.457000,0.000000,1.613000,0.000000,0.000000,48.070000
273,0,0.000000,24.797000,10.532000,0.000000,11.813000,1.135000,48.277000,0.989000,0.609000,0.000000,0.000000,49.875000
274,0,0.000000,23.157000,11.377000,0.000000,11.039000,2.018000,47.591000,0.000000,2.381000,0.000000,0.000000,49.972000
275,0,0.000000,20.771000,14.213000,0.000000,9.347000,2.021000,46.352000,0.626000,0.827000,0.000000,0.000000,47.805000
276,0,0.000000,24.393000,12.590000,0.000000,9.339000,1.007000,47.329000,0.990000,1.620000,0.000000,0.000000,49.939000
277,0,0.000000,24.226000,10.365000,0.000000,9.944000,1.629000,46.164000,0.000000,1.118000,0.000000,0.000000,47.282000
278,0,0.000000,24.279000,10.176000,0.000000,10.715000,1.126000,46.296000,0.980000,0.993000,0.000000,0.000000,48.269000
279,0,0.000000,23.835000,10.124000,0.000000,10.253000,2.278000,46.490000,0.000000,1.609000,0.000000,0.000000,48.099000
280,0,0.000000,21.952000,12.377000,0.614000,8.355000,2.333000,45.631000,0.000000,1.645000,0.000000,0.000000,47.276000
281,0,0.000000,21.925000,13.484000,0.000000,11.386000,2.012000,48.807000,0.000000,1.944000,0.000000,0.000000,50.751000
282,0,0.000000,23.089000,14.334000,0.000000,8.521000,1.738000,47.682000,0.884000,1.771000,0.000000,0.000000,50.337000
283,0,0.000000,22.909000,12.290000,0.639000,8.763000,3.471000,48.072000,0.612000,2.114000,0.000000,0.000000,50.798000
284,0,0.000000,24.867000,10.304000,0.000000,9.304000,2.822000,47.297000,0.630000,2.117000,0.000000,0.000000,50.044000
285,0,0.000000,22.670000,12.339000,0.000000,11.521000,1.538000,48.068000,1.022000,0.993000,0.000000,0.000000,50.083000
286,0,0.000000,21.269000,14.642000,0.000000,10.139000,2.050000,48.100000,0.000000,1.966000,0.000000,0.000000,50.066000
287,0,0.000000,26.114000,10.866000,0.000000,9.066000,1.571000,47.617000,0.000000,2.009000,0.000000,0.000000,49.626000
288,0,0.000000,21.395000,12.215000,0.000000,9.763000,3.391000,46.764000,0.000000,2.116000,0.000000,0.000000,48.880000
289,0,0.000000,22.915000,11.212000,0.000000,8.030000,3.349000,45.506000,0.000000,2.228000,0.000000,0.000000,47.734000
290,0,0.000000,25.297000,12.894000,0.000000,11.348000,2.124000,51.663000,0.000000,1.994000,0.000000,0.000000,53.657000
291,0,0.000000,21.532000,13.680000,0.000000,9.632000,2.879000,47.723000,0.000000,0.986000,0.000000,0.000000,48.709000
292,0,0.000000,23.515000,13.683000,1.004000,8.530000,2.666000,49.398000,0.000000,1.125000,0.000000,0.000000,50.523000
293,0,0.000000,24.321000,10.492000,0.000000,10.868000,1.626000,47.307000,0.000000,2.115000,0.000000,0.000000,49.422000
294,0,0.000000,20.739000,13.644000,0.738000,10.322000,0.000000,45.443000,0.000000,3.686000,0.000000,0.000000,49.129000
295,0,0.000000,23.498000,10.001000,1.655000,10.099000,1.302000,46.555000,0.000000,2.117000,0.000000,0.000000,48.672000
296,0,0.000000,23.370000,11.643000,0.000000,9.743000,1.683000,46.439000,1.131000,1.352000,0.000000,0.000000,48.922000
297,0,0.000000,19.806000,16.238000,0.000000,10.792000,1.592000,48.428000,0.000000,2.024000,0.000000,0.000000,50.452000
298,0,0.000000,24.523000,10.978000,1.660000,11.268000,1.132000,49.561000,0.000000,1.984000,0.000000,0.000000,51.545000
299,0,0.000000,22.176000,11.798000,0.000000,8.975000,2.547000,45.496000,1.769000,1.128000,0.000000,0.000000,48.393000
300,0,0.000000,21.950000,12.474000,0.000000,9.387000,0.669000,44.480000,2.133000,1.115000,0.000000,0.000000,47.728000
301,0,0.000000,21.664000,12.477000,0.000000,8.175000,1.585000,43.901000,2.003000,1.802000,0.000000,0.000000,47.706000
302,0,0.000000,22.933000,12.928000,0.000000,9.415000,1.796000,47.072000,0.000000,1.315000,0.000000,0.000000,48.387000
303,0,0.000000,22.001000,14.930000,0.000000,8.614000,2.287000,47.832000,0.000000,1.923000,0.000000,0.000000,49.755000
304,0,0.000000,23.943000,10.326000,0.000000,9.049000,2.620000,45.938000,0.000000,2.114000,0.000000,0.000000,48.052000
305,0,0.000000,23.808000,13.784000,0.000000,7.841000,2.695000,48.128000,0.455000,2.290000,0.000000,0.000000,50.873000
306,0,0.000000,22.525000,13.188000,0.552000,8.295000,2.554000,47.114000,1.012000,2.286000,0.000000,0.000000,50.412000
307,0,0.000000,21.976000,12.847000,0.000000,8.278000,1.004000,44.105000,1.625000,2.049000,0.000000,0.000000,47.779000
308,0,0.000000,25.234000,10.538000,0.000000,9.410000,1.010000,46.192000,1.511000,1.544000,0.000000,0.000000,49.247000
309,0,0.000000,24.889000,10.157000,0.000000,8.604000,1.117000,44.767000,0.998000,1.600000,0.000000,0.000000,48.382000
310,0,0.000000,22.464000,13.794000,0.000000,9.068000,1.556000,46.882000,0.000000,2.642000,0.000000,0.000000,49.524000
311,0,0.000000,23.118000,9.883000,0.000000,9.894000,1.625000,44.520000,0.000000,0.000000,0.000000,0.000000,44.520000
312,0,0.000000,28.316000,10.810000,0.000000,9.398000,1.671000,50.195000,1.042000,1.078000,0.000000,0.000000,52.315000
313,0,0.000000,21.491000,16.276000,0.000000,17.531000,4.016000,59.314000,0.000000,2.984000,0.000000,0.000000,62.298000
314,0,0.000000,47.976000,30.247000,0.621000,17.578000,1.757000,98.179000,0.000000,3.113000,0.000000,0.000000,101.292000
315,0,0.000000,47.033000,26.216000,0.000000,16.656000,2.349000,92.254000,0.000000,2.865000,0.000000,0.000000,95.119000
316,0,0.000000,42.140000,24.657000,0.000000,17.339000,2.389000,86.525000,0.000000,3.119000,0.000000,0.000000,89.644000
317,0,0.000000,40.369000,26.071000,0.000000,15.665000,2.657000,84.762000,0.000000,2.022000,0.000000,0.000000,86.784000
318,0,0.000000,44.648000,20.185000,0.000000,17.824000,4.099000,86.756000,0.825000,3.289000,0.000000,0.000000,90.870000
319,0,0.000000,43.057000,25.344000,0.000000,81.067000,1.997000,151.465000,6.559000,6.456000,0.000000,0.000000,164.480000
320,0,0.000000,93.539000,58.382000,0.000000,50.693000,2.933000,205.547000,0.000000,5.339000,0.000000,0.000000,210.886000
321,0,0.000000,83.045000,41.570000,3.209000,34.418000,3.222000,165.464000,1.092000,4.394000,0.000000,0.000000,170.950000
322,0,0.000000,26.252000,11.864000,0.000000,10.201000,2.718000,51.035000,0.000000,1.253000,0.000000,0.000000,52.288000
323,0,0.000000,23.802000,10.421000,0.000000,9.871000,2.097000,46.191000,0.000000,1.532000,0.000000,0.000000,47.723000
324,0,0.000000,25.116000,10.797000,0.607000,7.811000,3.188000,47.519000,0.617000,0.000000,0.000000,0.000000,48.136000
325,0,0.000000,21.330000,11.186000,0.000000,8.538000,2.020000,43.074000,0.000000,0.991000,0.000000,0.000000,44.065000
326,0,0.000000,22.045000,11.660000,0.653000,7.752000,1.829000,43.939000,0.000000,1.648000,0.000000,0.000000,45.587000
327,0,0.000000,22.927000,11.177000,0.000000,8.970000,1.270000,44.344000,0.647000,1.042000,0.000000,0.000000,46.033000
328,0,0.000000,23.504000,10.429000,0.000000,9.806000,1.001000,44.740000,0.000000,0.996000,0.000000,0.000000,45.736000
329,0,0.000000,21.723000,9.175000,0.000000,9.703000,3.153000,43.754000,0.000000,0.583000,0.000000,0.000000,44.337000
330,0,0.000000,24.251000,9.441000,0.000000,7.968000,0.995000,42.655000,0.000000,1.621000,0.000000,0.000000,44.276000
331,0,0.000000,22.287000,10.492000,0.000000,8.324000,1.644000,42.747000,0.000000,0.663000,0.000000,0.000000,43.410000
332,0,0.000000,23.575000,12.786000,0.000000,7.981000,1.639000,45.981000,0.664000,1.117000,0.000000,0.000000,47.762000
333,0,0.000000,22.148000,11.676000,0.000000,8.241000,0.884000,42.949000,0.000000,1.562000,0.000000,0.000000,44.511000
334,0,0.000000,25.652000,9.086000,0.000000,8.349000,2.002000,45.089000,0.000000,0.995000,0.000000,0.000000,46.084000
335,0,0.000000,26.121000,9.577000,0.000000,8.537000,0.000000,44.235000,0.000000,0.000000,0.000000,0.000000,44.235000
336,0,0.000000,26.267000,15.772000,0.000000,10.126000,2.012000,54.177000,0.626000,2.140000,0.000000,0.000000,56.943000
337,0,0.000000,26.273000,9.335000,0.000000,8.528000,1.994000,46.130000,0.000000,0.988000,0.000000,0.000000,47.118000
338,0,0.000000,24.579000,10.653000,0.000000,8.176000,1.750000,45.158000,0.000000,0.802000,0.000000,0.000000,47.086000
339,0,0.000000,24.174000,10.768000,0.000000,6.748000,1.700000,43.390000,1.679000,0.803000,0.000000,0.000000,45.872000
340,0,0.000000,24.551000,9.280000,1.011000,7.609000,4.231000,46.682000,0.000000,1.618000,0.000000,0.000000,48.300000
341,0,0.000000,20.795000,11.148000,0.000000,8.582000,2.040000,42.565000,0.939000,0.000000,0.000000,0.000000,43.504000
342,0,0.000000,20.643000,14.047000,0.000000,7.788000,2.141000,44.619000,0.000000,1.119000,0.000000,0.000000,45.738000
343,0,0.000000,23.185000,8.976000,0.000000,9.578000,1.863000,43.602000,0.000000,1.648000,0.000000,0.000000,45.250000
344,0,0.000000,22.327000,10.458000,0.000000,9.065000,1.777000,43.627000,0.000000,1.105000,0.000000,0.000000,44.732000
345,0,0.000000,22.429000,12.927000,0.000000,8.608000,2.818000,46.782000,0.000000,1.666000,0.000000,0.000000,48.448000
346,0,0.000000,21.237000,13.469000,0.000000,8.906000,2.027000,45.639000,0.000000,1.055000,0.000000,0.000000,46.694000
347,0,0.000000,24.223000,9.160000,0.000000,8.392000,1.873000,43.648000,0.000000,1.118000,0.000000,0.000000,44.766000
348,0,0.000000,22.654000,12.030000,0.000000,7.893000,2.622000,45.199000,0.000000,0.000000,0.000000,0.000000,45.199000
349,0,0.000000,23.628000,9.274000,0.000000,7.657000,4.652000,45.211000,0.000000,1.097000,0.000000,0.000000,46.308000
350,0,0.000000,21.287000,10.218000,0.000000,7.728000,2.215000,41.448000,1.032000,0.000000,0.000000,0.000000,42.480000
351,0,0.000000,23.140000,10.099000,0.000000,8.820000,1.130000,43.189000,1.000000,0.985000,0.000000,0.000000,45.174000
352,0,0.000000,22.948000,9.834000,0.000000,9.168000,2.089000,44.039000,0.000000,0.626000,0.000000,0.000000,44.665000
353,0,0.000000,22.184000,11.580000,0.000000,8.785000,0.904000,43.453000,1.103000,1.237000,0.000000,0.000000,45.793000
354,0,0.000000,19.651000,13.366000,0.000000,7.219000,1.659000,41.895000,1.125000,0.520000,0.000000,0.000000,43.540000
355,0,0.000000,22.265000,9.960000,1.735000,7.043000,2.791000,43.794000,0.000000,1.598000,0.000000,0.000000,45.392000
356,0,0.000000,21.264000,14.188000,0.000000,9.365000,1.552000,46.369000,0.797000,0.782000,0.000000,0.000000,47.948000
357,0,0.000000,24.802000,11.324000,0.000000,9.503000,2.757000,48.386000,0.000000,0.990000,0.000000,0.000000,49.376000
358,0,0.000000,28.929000,10.918000,0.000000,10.405000,1.630000,51.882000,1.087000,0.000000,0.000000,0.000000,52.969000
359,0,0.000000,20.461000,12.178000,0.000000,10.138000,1.994000,44.771000,0.000000,0.999000,0.000000,0.000000,45.770000
360,0,0.000000,22.786000,10.372000,0.000000,8.620000,1.578000,43.356000,1.119000,0.616000,0.000000,0.000000,45.091000
361,0,0.000000,21.519000,11.101000,0.000000,6.845000,1.622000,41.087000,0.000000,2.479000,0.000000,0.000000,43.566000
362,0,0.000000,25.863000,10.378000,0.000000,6.802000,2.813000,45.856000,0.000000,0.986000,0.000000,0.000000,46.842000
363,0,0.000000,21.627000,10.342000,0.772000,9.613000,1.565000,43.919000,0.000000,1.872000,0.000000,0.000000,45.791000
364,0,0.000000,22.919000,19.637000,0.000000,18.205000,3.609000,64.370000,0.000000,2.990000,0.000000,0.000000,67.360000
365,0,0.000000,34.867000,23.450000,0.000000,13.982000,2.737000,75.036000,1.656000,1.871000,0.000000,0.000000,78.563000
366,0,0.000000,29.894000,15.013000,0.000000,13.459000,2.661000,61.027000,0.530000,1.782000,0.000000,0.000000,63.339000
367,0,0.000000,29.796000,17.793000,0.000000,12.620000,2.196000,62.405000,2.037000,0.998000,0.000000,0.000000,65.440000
368,0,0.000000,27.156000,17.965000,0.000000,13.965000,2.559000,61.645000,0.000000,2.580000,0.000000,0.000000,64.225000
369,0,0.000000,24.562000,9.845000,0.000000,8.191000,2.550000,45.148000,0.000000,0.000000,0.000000,0.000000,45.148000
370,0,0.000000,23.092000,13.885000,0.000000,6.882000,3.010000,46.869000,0.000000,1.679000,0.000000,0.000000,48.548000
371,0,0.000000,22.131000,11.262000,0.000000,9.157000,0.627000,43.177000,0.000000,0.000000,0.000000,0.000000,43.177000
372,0,0.000000,28.909000,9.528000,1.031000,8.180000,3.381000,51.029000,0.000000,1.109000,0.000000,0.000000,52.138000
373,0,0.000000,25.618000,10.115000,1.018000,8.541000,1.719000,47.011000,0.000000,2.100000,0.000000,0.000000,49.111000
374,0,0.000000,24.501000,9.392000,0.000000,8.706000,2.773000,45.372000,0.000000,0.608000,0.000000,0.000000,45.980000
375,0,0.000000,26.152000,10.287000,0.000000,11.790000,1.858000,50.087000,0.000000,0.000000,0.000000,0.000000,50.087000
376,0,0.000000,26.055000,10.448000,0.000000,10.752000,1.622000,48.877000,0.000000,1.745000,0.000000,0.000000,50.622000
377,0,0.000000,23.452000,11.826000,0.000000,9.689000,2.125000,47.092000,0.000000,0.618000,0.000000,0.000000,47.710000
378,0,0.000000,21.159000,13.786000,0.000000,8.670000,2.616000,46.231000,0.000000,1.272000,0.000000,0.000000,47.503000
379,0,0.000000,23.836000,10.535000,0.995000,9.076000,0.728000,45.170000,0.000000,2.108000,0.000000,0.000000,47.278000
380,0,0.000000,23.491000,12.562000,0.998000,7.826000,2.221000,47.098000,0.000000,1.822000,0.000000,0.000000,48.920000
381,0,0.000000,23.117000,10.588000,0.000000,7.746000,1.812000,43.263000,0.000000,1.732000,0.000000,0.000000,44.995000
382,0,0.000000,23.228000,10.870000,0.000000,10.084000,2.629000,46.811000,0.000000,0.653000,0.000000,0.000000,47.464000
383,0,0.000000,21.861000,9.208000,0.000000,9.922000,1.771000,42.762000,0.000000,2.101000,0.000000,0.000000,44.863000
384,0,0.000000,18.314000,15.753000,0.000000,7.793000,3.339000,45.199000,0.000000,1.031000,0.000000,0.000000,46.230000
385,0,0.000000,20.222000,12.897000,0.000000,8.592000,1.776000,43.487000,0.000000,0.558000,0.000000,0.000000,44.045000
386,0,0.000000,23.825000,9.932000,0.000000,7.302000,3.798000,44.857000,0.000000,0.000000,0.000000,0.000000,44.857000
387,0,0.000000,20.984000,9.536000,0.000000,10.987000,1.131000,42.638000,0.000000,2.267000,0.000000,0.000000,44.905000
388,0,0.000000,23.143000,10.297000,0.000000,9.123000,1.126000,43.689000,0.000000,2.282000,0.000000,0.000000,45.971000
389,0,0.000000,23.139000,10.889000,0.000000,7.486000,2.529000,44.043000,1.075000,0.993000,0.000000,0.000000,46.111000
390,0,0.000000,23.890000,9.749000,0.000000,8.196000,0.998000,42.833000,1.001000,0.683000,0.000000,0.000000,44.517000
391,0,0.000000,22.831000,10.638000,0.000000,8.527000,2.337000,44.333000,0.000000,2.117000,0.000000,0.000000,46.450000
392,0,0.000000,22.548000,10.527000,0.000000,9.186000,2.915000,45.176000,0.000000,1.360000,0.000000,0.000000,46.536000
393,0,0.000000,21.536000,11.208000,0.000000,7.626000,2.187000,42.557000,1.021000,1.012000,0.000000,0.000000,44.590000
394,0,0.000000,20.764000,11.081000,0.000000,9.455000,1.965000,43.265000,0.000000,1.138000,0.000000,0.000000,44.403000
395,0,0.000000,20.624000,10.775000,0.000000,8.525000,2.552000,42.476000,0.000000,0.665000,0.000000,0.000000,43.141000
396,0,0.000000,20.971000,10.774000,0.719000,7.920000,3.011000,43.395000,0.000000,1.712000,0.000000,0.000000,45.107000
397,0,0.000000,20.180000,12.786000,0.000000,7.123000,2.808000,42.897000,0.997000,0.996000,0.000000,0.000000,44.890000
398,0,0.000000,20.779000,10.921000,0.000000,9.628000,2.135000,43.463000,0.000000,1.597000,0.000000,0.000000,45.060000
399,0,0.000000,22.443000,10.324000,0.000000,8.220000,2.537000,43.524000,0.000000,1.380000,0.000000,0.000000,44.904000
400,0,0.000000,20.948000,13.240000,0.000000,7.834000,2.645000,44.667000,1.020000,1.002000,0.000000,0.000000,46.689000
401,0,0.000000,22.839000,10.141000,0.000000,8.425000,1.823000,43.228000,0.000000,0.996000,0.000000,0.000000,44.224000
402,0,0.000000,22.470000,10.181000,0.000000,7.797000,3.809000,44.257000,0.000000,1.396000,0.000000,0.000000,45.653000
403,0,0.000000,21.818000,9.970000,0.000000,6.928000,3.573000,42.289000,0.000000,0.892000,0.000000,0.000000,43.181000
404,0,0.000000,23.054000,9.807000,0.000000,9.709000,0.655000,43.225000,1.680000,1.300000,0.000000,0.000000,46.205000
405,0,0.000000,20.954000,10.141000,0.000000,9.124000,3.125000,43.344000,0.000000,0.992000,0.000000,0.000000,44.336000
406,0,0.000000,20.024000,12.330000,0.000000,9.807000,2.305000,44.466000,0.000000,1.117000,0.000000,0.000000,45.583000
407,0,0.000000,21.342000,11.127000,0.000000,8.470000,2.962000,43.901000,0.000000,2.412000,0.000000,0.000000,46.313000
408,0,0.000000,22.639000,10.559000,0.000000,7.394000,2.819000,43.411000,0.000000,0.970000,0.000000,0.000000,44.381000
409,0,0.000000,22.111000,10.541000,0.000000,8.172000,3.123000,43.947000,0.000000,1.521000,0.000000,0.000000,45.468000
410,0,0.000000,21.689000,11.528000,0.000000,8.256000,1.628000,43.101000,1.115000,1.001000,0.000000,0.000000,45.217000
411,0,0.000000,18.615000,14.274000,0.000000,7.324000,2.036000,42.249000,0.000000,1.735000,0.000000,0.000000,43.984000
412,0,0.000000,21.824000,11.604000,0.000000,8.382000,1.630000,43.440000,0.000000,1.125000,0.000000,0.000000,44.565000
413,0,0.000000,22.698000,9.591000,0.000000,8.676000,1.993000,42.958000,0.000000,1.609000,0.000000,0.000000,44.567000
414,0,0.000000,20.921000,10.715000,0.000000,7.722000,2.285000,41.643000,0.000000,1.659000,0.000000,0.000000,43.302000
415,0,0.000000,23.355000,8.884000,0.000000,9.843000,3.013000,45.095000,0.000000,0.992000,0.000000,0.000000,46.087000
416,0,0.000000,20.710000,10.161000,0.000000,10.212000,3.409000,44.492000,0.000000,0.657000,0.000000,0.000000,45.149000
417,0,0.000000,18.424000,13.667000,0.000000,9.326000,2.311000,43.728000,0.000000,1.440000,0.000000,0.000000,45.168000
418,0,0.000000,21.151000,11.386000,0.711000,9.677000,1.557000,44.482000,0.000000,2.126000,0.000000,0.000000,46.608000
419,0,0.000000,19.458000,12.996000,0.000000,8.366000,1.626000,42.446000,0.000000,1.767000,0.000000,0.000000,44.213000
420,0,0.000000,20.364000,11.313000,0.000000,8.329000,2.750000,42.756000,0.000000,1.615000,0.000000,0.000000,44.371000
421,0,0.000000,20.723000,12.265000,0.000000,8.247000,1.008000,42.243000,0.000000,2.114000,0.000000,0.000000,44.357000
422,0,0.000000,19.796000,12.556000,0.000000,8.726000,2.757000,43.835000,0.000000,1.107000,0.000000,0.000000,44.942000
423,0,0.000000,21.509000,10.319000,1.115000,7.789000,1.901000,42.633000,0.000000,1.244000,0.000000,0.000000,43.877000
424,0,0.000000,20.066000,11.903000,0.000000,7.456000,2.323000,41.748000,0.000000,1.107000,0.000000,0.000000,42.855000
425,0,0.000000,20.207000,12.227000,0.000000,8.725000,1.642000,42.801000,0.000000,1.119000,0.000000,0.000000,43.920000
426,0,0.000000,23.003000,11.778000,0.000000,10.300000,2.561000,47.642000,0.000000,1.313000,0.000000,0.000000,48.955000
427,0,0.000000,21.177000,17.129000,0.000000,23.115000,2.600000,64.021000,0.993000,2.885000,0.000000,0.000000,67.899000
428,0,0.000000,58.501000,33.429000,0.558000,20.758000,1.649000,114.895000,1.013000,1.511000,0.000000,0.000000,117.419000
429,0,0.000000,48.580000,49.214000,0.000000,32.885000,2.016000,132.695000,1.000000,2.514000,0.000000,0.000000,136.209000
430,0,0.000000,43.347000,21.129000,0.000000,16.480000,0.617000,81.573000,2.150000,1.992000,0.000000,0.000000,85.715000
431,0,0.000000,39.478000,25.131000,0.896000,16.512000,3.435000,85.452000,0.640000,2.107000,0.000000,0.000000,88.199000
432,0,0.000000,40.007000,19.291000,0.000000,17.116000,3.901000,80.315000,0.000000,4.279000,0.000000,0.000000,84.594000
433,0,0.000000,43.707000,52.639000,0.000000,62.921000,4.956000,164.223000,2.124000,8.739000,0.000000,0.000000,175.086000
434,0,0.000000,77.871000,80.998000,0.000000,22.326000,2.773000,183.968000,1.526000,3.418000,0.000000,0.000000,188.912000
435,0,0.000000,87.379000,29.907000,0.000000,18.178000,1.718000,137.182000,2.142000,2.435000,0.000000,0.000000,141.759000
436,0,0.000000,23.095000,14.477000,1.632000,8.019000,2.559000,49.782000,0.000000,1.408000,0.000000,0.000000,51.190000
437,0,0.000000,24.836000,10.483000,0.000000,7.744000,2.024000,45.087000,1.000000,0.000000,0.000000,0.000000,46.087000
438,0,0.000000,20.972000,8.505000,0.000000,12.428000,1.606000,43.511000,0.874000,0.630000,0.000000,0.000000,45.015000
439,0,0.000000,24.656000,12.418000,0.000000,8.061000,1.281000,46.416000,1.121000,1.005000,0.000000,0.000000,48.542000
440,0,0.000000,20.099000,12.242000,0.000000,7.602000,2.177000,42.120000,1.069000,0.528000,0.000000,0.000000,43.717000
441,0,0.000000,21.865000,9.242000,0.000000,7.927000,1.737000,40.771000,0.000000,1.992000,0.000000,0.000000,42.763000
442,0,0.000000,22.382000,8.517000,0.000000,10.295000,3.125000,44.319000,0.660000,1.112000,0.000000,0.000000,46.091000
443,0,0.000000,18.599000,12.696000,0.000000,6.473000,3.276000,41.044000,0.000000,1.050000,0.000000,0.000000,42.094000
444,0,0.000000,21.355000,12.383000,0.000000,8.316000,2.624000,44.678000,0.000000,1.738000,0.000000,0.000000,46.416000
445,0,0.000000,18.034000,13.087000,0.000000,9.044000,1.817000,41.982000,1.630000,1.122000,0.000000,0.000000,44.734000
446,0,0.000000,21.348000,9.018000,0.000000,9.955000,1.721000,42.042000,1.117000,0.513000,0.000000,0.000000,43.672000
447,0,0.000000,20.190000,9.683000,0.000000,11.640000,2.514000,44.027000,0.000000,0.000000,0.000000,0.000000,44.027000
448,0,0.000000,20.439000,13.398000,0.000000,7.907000,2.739000,44.483000,0.000000,0.000000,0.000000,0.000000,44.483000
449,0,0.000000,20.131000,10.744000,0.000000,7.531000,3.870000,42.276000,0.000000,1.675000,0.000000,0.000000,43.951000
450,0,0.000000,21.749000,10.306000,1.116000,7.191000,2.013000,42.375000,0.000000,1.709000,0.000000,0.000000,44.084000
451,0,0.000000,21.429000,9.382000,0.000000,8.061000,0.657000,39.529000,1.679000,0.552000,0.000000,0.000000,41.760000
452,0,0.000000,22.559000,10.580000,0.000000,8.916000,0.984000,43.039000,0.000000,1.100000,0.000000,0.000000,44.139000
453,0,0.000000,20.015000,11.814000,0.000000,7.925000,3.009000,42.763000,0.000000,0.608000,0.000000,0.000000,43.371000
454,0,0.000000,22.134000,11.776000,0.000000,9.087000,1.642000,44.639000,0.000000,1.014000,0.000000,0.000000,45.653000
455,0,0.000000,17.006000,14.191000,0.000000,8.976000,2.542000,42.715000,0.558000,1.668000,0.000000,0.000000,44.941000
456,0,0.000000,21.989000,10.324000,0.000000,7.807000,2.603000,42.723000,0.000000,1.668000,0.000000,0.000000,44.391000
457,0,0.000000,22.578000,9.122000,0.000000,9.175000,3.407000,44.282000,0.000000,1.199000,0.000000,0.000000,45.481000
458,0,0.000000,18.935000,10.758000,1.536000,7.332000,3.597000,42.158000,1.544000,1.365000,0.000000,0.000000,45.067000
459,0,0.000000,21.837000,10.469000,1.680000,3.680000,7.063000,44.729000,0.000000,1.530000,0.000000,0.000000,46.259000
460,0,0.000000,18.725000,11.760000,0.000000,10.007000,1.033000,41.525000,0.000000,1.983000,0.000000,0.000000,43.508000
461,0,0.000000,18.783000,11.466000,0.000000,9.514000,2.252000,42.015000,0.000000,0.671000,0.000000,0.000000,42.686000
462,0,0.000000,19.878000,12.366000,0.000000,7.760000,1.676000,41.680000,1.153000,1.077000,0.000000,0.000000,43.910000
463,0,0.000000,21.005000,10.313000,0.000000,8.838000,2.673000,42.829000,0.000000,0.000000,0.000000,0.000000,42.829000
464,0,0.000000,19.080000,11.570000,0.000000,9.541000,2.156000,42.347000,0.000000,1.934000,0.000000,0.000000,44.281000
465,0,0.000000,22.083000,10.242000,0.000000,8.170000,2.108000,42.603000,0.911000,1.088000,0.000000,0.000000,44.602000
466,0,0.000000,21.263000,10.457000,0.000000,9.132000,0.535000,41.387000,1.562000,1.027000,0.000000,0.000000,43.976000
467,0,0.000000,21.891000,10.275000,0.000000,8.193000,2.300000,42.659000,0.000000,1.299000,0.000000,0.000000,43.958000
468,0,0.000000,15.720000,17.083000,0.000000,9.445000,1.866000,44.114000,1.063000,1.031000,0.000000,0.000000,46.208000
469,0,0.000000,21.428000,11.459000,0.000000,8.834000,2.041000,43.762000,0.000000,1.105000,0.000000,0.000000,44.867000
470,0,0.000000,21.372000,12.298000,0.660000,9.057000,2.137000,45.524000,0.959000,0.000000,0.000000,0.000000,46.483000
471,0,0.000000,22.879000,10.205000,0.000000,15.581000,0.998000,49.663000,0.000000,2.000000,0.000000,0.000000,51.663000
472,0,0.000000,21.397000,11.791000,0.000000,8.610000,2.765000,44.563000,1.005000,0.637000,0.000000,0.000000,46.205000
473,0,0.000000,18.979000,14.924000,0.000000,8.149000,2.754000,44.806000,0.000000,0.592000,0.000000,0.000000,45.398000
474,0,0.000000,19.910000,13.376000,0.000000,8.105000,2.536000,43.927000,0.000000,1.008000,0.000000,0.000000,44.935000
475,0,0.000000,20.844000,10.772000,0.000000,9.050000,2.011000,42.677000,0.000000,1.620000,0.000000,0.000000,44.297000
476,0,0.000000,21.416000,11.692000,0.000000,7.702000,2.145000,42.955000,0.558000,1.029000,0.000000,0.000000,44.542000
477,0,0.000000,19.569000,12.257000,0.000000,8.150000,2.160000,42.136000,0.000000,2.294000,0.000000,0.000000,44.430000
478,0,0.000000,21.656000,10.025000,0.000000,8.321000,0.631000,40.633000,1.689000,0.772000,0.000000,0.000000,43.094000
479,0,0.000000,21.740000,10.457000,0.000000,9.331000,3.705000,45.233000,0.000000,0.000000,0.000000,0.000000,45.233000
480,0,0.000000,21.790000,12.602000,0.000000,11.672000,2.325000,48.389000,0.000000,1.967000,0.000000,0.000000,50.356000
481,0,0.000000,20.687000,10.150000,0.000000,5.175000,5.317000,41.329000,0.000000,1.758000,0.000000,0.000000,43.087000
482,0,0.000000,20.254000,10.060000,0.000000,10.190000,1.745000,42.249000,0.000000,1.368000,0.000000,0.000000,43.617000
483,0,0.000000,19.899000,11.822000,0.000000,7.482000,2.616000,41.819000,0.000000,1.742000,0.000000,0.000000,43.561000
484,0,0.000000,20.128000,11.947000,0.000000,8.300000,1.687000,42.062000,0.000000,1.766000,0.000000,0.000000,43.828000
485,0,0.000000,20.268000,11.163000,0.000000,9.087000,0.972000,41.490000,0.000000,1.616000,0.000000,0.000000,43.106000
486,0,0.000000,18.708000,10.881000,0.000000,7.383000,2.881000,39.853000,0.000000,1.618000,0.000000,0.000000,41.471000
487,0,0.000000,21.563000,10.014000,0.000000,9.438000,1.746000,42.761000,1.118000,0.982000,0.000000,0.000000,44.861000
488,0,0.000000,18.726000,12.835000,0.000000,9.596000,1.316000,42.473000,1.032000,0.000000,0.000000,0.000000,43.505000
489,0,0.000000,22.123000,11.895000,0.000000,7.746000,1.556000,43.320000,0.000000,1.659000,0.000000,0.000000,44.979000
490,0,0.000000,18.564000,12.908000,1.015000,7.769000,1.834000,42.090000,0.000000,2.022000,0.000000,0.000000,44.112000
491,0,0.000000,20.779000,11.767000,0.000000,8.743000,1.664000,42.953000,0.000000,1.744000,0.000000,0.000000,44.697000
492,0,0.000000,23.498000,10.586000,0.000000,7.521000,1.982000,43.587000,1.069000,1.748000,0.000000,0.000000,46.404000
493,0,0.000000,21.253000,9.782000,0.000000,7.629000,1.533000,40.197000,1.050000,1.645000,0.000000,0.000000,42.892000
494,0,0.000000,21.345000,10.282000,0.000000,9.966000,2.129000,43.722000,0.000000,0.989000,0.000000,0.000000,44.711000
495,0,0.000000,18.448000,11.034000,0.000000,7.913000,2.124000,39.519000,1.033000,0.882000,0.000000,0.000000,41.434000
496,0,0.000000,20.890000,10.928000,0.000000,8.763000,1.987000,42.568000,0.668000,1.136000,0.000000,0.000000,44.372000
497,0,0.000000,19.122000,11.426000,0.000000,5.640000,5.481000,41.669000,0.685000,0.665000,0.000000,0.000000,43.019000
498,0,0.000000,20.443000,11.964000,0.000000,5.088000,0.000000,37.495000,0.000000,6.351000,0.000000,0.000000,43.846000
499,0,0.000000,20.870000,10.053000,0.000000,9.757000,1.635000,42.315000,0.000000,0.000000,0.000000,0.000000,42.315000
500,0,0.000000,23.886000,10.264000,0.000000,11.062000,1.717000,46.929000,0.000000,1.035000,0.000000,0.000000,47.964000
501,0,0.000000,19.043000,11.120000,0.000000,8.891000,2.234000,41.288000,0.000000,2.043000,0.000000,0.000000,43.331000
502,0,0.000000,20.784000,12.359000,0.000000,8.930000,2.285000,44.358000,0.000000,1.122000,0.000000,0.000000,45.480000
503,0,0.000000,20.392000,14.850000,0.000000,9.123000,2.003000,46.368000,0.000000,0.000000,0.000000,0.000000,46.368000
504,0,0.000000,20.744000,11.119000,0.000000,8.934000,1.910000,42.707000,0.000000,1.757000,0.000000,0.000000,44.464000
505,0,0.000000,21.783000,11.825000,0.999000,7.577000,1.697000,43.881000,0.000000,2.420000,0.000000,0.000000,46.301000
506,0,0.000000,21.725000,10.509000,0.000000,8.211000,1.749000,42.194000,0.000000,1.108000,0.000000,0.000000,43.302000
507,0,0.000000,20.690000,11.368000,0.000000,9.639000,1.791000,43.488000,0.000000,0.782000,0.000000,0.000000,44.270000
508,0,0.000000,18.269000,11.951000,0.000000,7.474000,2.523000,40.217000,0.000000,0.000000,0.000000,0.000000,40.217000
509,0,0.000000,24.256000,10.841000,0.653000,8.233000,1.751000,45.734000,0.000000,0.000000,0.000000,0.000000,45.734000
510,0,0.000000,24.564000,9.827000,0.000000,10.256000,2.235000,46.882000,0.000000,1.128000,0.000000,0.000000,48.010000
511,0,0.000000,19.911000,13.670000,0.000000,9.389000,1.725000,44.695000,0.000000,1.752000,0.000000,0.000000,46.447000
512,0,0.000000,19.224000,12.235000,0.000000,8.541000,1.678000,41.678000,0.000000,2.152000,0.000000,0.000000,43.830000
513,0,0.000000,21.313000,10.978000,0.000000,9.914000,1.005000,43.210000,0.994000,0.991000,0.000000,0.000000,45.195000
514,0,0.000000,21.016000,13.979000,0.000000,10.339000,2.000000,47.334000,0.000000,0.625000,0.000000,0.000000,47.959000
515,0,0.000000,19.848000,12.280000,0.000000,9.970000,1.666000,43.764000,0.684000,0.631000,0.000000,0.000000,45.079000
516,0,0.000000,20.865000,11.669000,0.000000,9.107000,0.000000,41.641000,2.198000,1.477000,0.000000,0.000000,45.316000
517,0,0.000000,20.947000,11.623000,0.000000,8.511000,2.615000,43.696000,0.000000,0.997000,0.000000,0.000000,44.693000
518,0,0.000000,20.773000,10.945000,0.000000,11.113000,1.132000,43.963000,0.000000,1.606000,0.000000,0.000000,45.569000
519,0,0.000000,19.699000,10.612000,0.000000,8.492000,1.094000,39.897000,0.000000,2.582000,0.000000,0.000000,42.479000
520,0,0.000000,21.808000,8.544000,0.000000,13.616000,0.996000,44.964000,0.000000,3.072000,0.000000,0.000000,48.036000
521,0,0.000000,18.798000,11.718000,0.000000,11.424000,0.620000,42.560000,1.123000,0.000000,0.000000,0.000000,43.683000
522,0,0.000000,25.537000,10.701000,0.000000,12.560000,2.127000,50.925000,0.000000,2.006000,0.000000,0.000000,52.931000
523,0,0.000000,20.022000,11.734000,0.643000,9.391000,2.249000,44.039000,0.000000,1.176000,0.000000,0.000000,45.215000
524,0,0.000000,20.716000,13.933000,0.000000,9.053000,2.765000,46.467000,0.000000,1.621000,0.000000,0.000000,48.088000
525,0,0.000000,23.390000,12.443000,1.136000,9.554000,3.423000,49.946000,0.000000,1.610000,0.000000,0.000000,51.556000
526,0,0.000000,20.511000,12.305000,0.000000,11.507000,2.761000,47.084000,0.732000,1.568000,0.000000,0.000000,49.384000
527,0,0.000000,21.289000,13.928000,1.000000,9.311000,2.297000,47.825000,0.000000,2.120000,0.000000,0.000000,49.945000
528,0,0.000000,19.908000,12.860000,0.000000,12.521000,1.755000,47.044000,1.128000,1.527000,0.000000,0.000000,49.699000
529,0,0.000000,29.927000,14.382000,0.000000,11.340000,2.073000,57.722000,0.445000,2.364000,0.000000,0.000000,60.531000
530,0,0.000000,25.181000,15.131000,0.000000,15.016000,1.762000,57.090000,0.000000,2.112000,0.000000,0.000000,59.202000
531,0,0.000000,23.828000,13.667000,0.000000,10.495000,2.762000,50.752000,0.000000,2.101000,0.000000,0.000000,52.853000
532,0,0.000000,25.338000,10.785000,0.000000,10.974000,1.764000,48.861000,0.000000,2.009000,0.000000,0.000000,50.870000
533,0,0.000000,24.592000,12.716000,0.000000,11.134000,2.512000,50.954000,0.000000,2.627000,0.000000,0.000000,53.581000
534,0,0.000000,22.016000,13.632000,0.584000,10.426000,2.698000,49.356000,1.133000,1.682000,0.000000,0.000000,52.171000
535,0,0.000000,22.074000,13.223000,0.000000,8.386000,2.386000,46.069000,0.000000,2.046000,0.000000,0.000000,48.115000
536,0,0.000000,21.681000,12.037000,0.000000,9.211000,1.997000,44.926000,0.000000,1.564000,0.000000,0.000000,46.490000
537,0,0.000000,23.895000,12.195000,0.000000,9.078000,1.866000,47.034000,0.000000,1.994000,0.000000,0.000000,49.028000
538,0,0.000000,23.379000,11.894000,0.000000,8.910000,2.778000,46.961000,0.000000,0.997000,0.000000,0.000000,47.958000
539,0,0.000000,21.539000,9.936000,0.000000,7.424000,4.401000,43.300000,0.000000,1.119000,0.000000,0.000000,44.419000
540,0,0.000000,21.319000,12.452000,0.000000,8.006000,2.563000,44.340000,1.420000,1.607000,0.000000,0.000000,47.367000
541,0,0.000000,17.495000,13.377000,1.004000,5.846000,0.000000,37.722000,0.000000,5.464000,0.000000,0.000000,43.186000
542,0,0.000000,20.064000,12.243000,0.626000,8.696000,2.130000,43.759000,0.000000,1.718000,0.000000,0.000000,46.345000
543,0,0.000000,21.112000,10.704000,0.000000,8.395000,2.749000,42.960000,0.000000,1.769000,0.000000,0.000000,44.729000
544,1,0.000000,21.424000,11.720000,0.000000,6.771000,3.036000,42.951000,0.000000,1.601000,0.000000,0.000000,44.552000
545,1,0.000000,21.844000,20.274000,0.000000,18.838000,2.271000,63.227000,0.000000,4.014000,0.000000,0.000000,67.241000
546,1,0.000000,39.896000,30.945000,0.000000,17.066000,0.621000,88.528000,2.643000,2.253000,0.000000,0.000000,93.424000
547,1,0.000000,40.621000,20.816000,0.000000,16.211000,2.863000,80.511000,1.004000,1.690000,0.000000,0.000000,83.205000
548,1,0.000000,38.233000,19.428000,0.000000,15.753000,1.762000,75.176000,1.824000,2.284000,0.000000,0.000000,79.284000
549,2,0.000000,33.545000,23.811000,0.000000,16.440000,3.023000,76.819000,0.000000,2.299000,0.000000,0.000000,79.118000
550,3,0.000000,33.100000,23.556000,0.999000,15.877000,3.304000,76.836000,0.343000,2.694000,0.000000,0.000000,79.873000
551,3,0.000000,41.567000,25.992000,0.385000,19.889000,2.333000,90.166000,1.687000,2.122000,0.000000,0.000000,93.975000
552,5,0.000000,39.097000,20.002000,0.000000,16.563000,2.774000,78.436000,0.646000,2.238000,0.000000,0.000000,81.320000
553,8,0.000000,35.210000,19.630000,0.000000,16.464000,3.461000,74.765000,0.000000,2.754000,0.000000,0.000000,77.519000
554,9,0.000000,34.600000,20.674000,0.000000,17.689000,2.005000,74.968000,1.632000,3.109000,0.000000,0.000000,79.709000
